time,X_value,Y_value,Z_value
0.000,0.00000,0.00000,0.00000
0.035,-1.60720,1.67530,8.18583
0.135,-1.25307,1.52548,8.86685
0.235,-1.32117,-0.38137,11.80884
0.335,-0.76274,-0.57205,10.66473
0.435,-0.89894,-0.28603,8.59444
0.538,-0.50395,-0.04086,8.09049
0.638,-0.27241,0.20431,8.63530
0.738,-0.47671,0.29965,9.61597
0.843,-1.21221,-2.02943,9.56148
0.957,-1.75702,0.19068,9.83389
1.037,-1.21221,-0.04086,9.72493
1.138,-2.05667,-1.15773,10.48767
1.239,-1.15773,-0.57205,9.19374
1.338,2.20650,0.31327,8.02238
1.436,1.47100,0.66740,7.83170
1.537,1.93409,1.08963,8.81236
1.639,1.23945,1.14411,10.37871
1.739,1.28031,1.44376,10.65111
1.839,1.15773,0.76274,11.74074
1.944,0.35413,-0.20431,10.01096
2.040,1.10325,0.05448,7.70912
2.137,0.35413,0.85808,6.76931
2.240,0.12258,0.38137,9.01667
2.341,-1.37566,0.42223,10.21526
2.440,-1.28031,-0.38137,12.35366
2.538,-1.38928,0.09534,10.47405
2.638,-1.23945,1.17135,6.55139
2.738,-0.62654,1.18497,7.15068
2.841,-0.92618,0.92618,9.92923
2.969,-1.60720,1.02153,10.18802
3.038,-2.80579,1.06239,9.77941
3.142,-1.72978,0.66740,9.60235
3.241,-0.62654,0.99429,7.83170
3.340,0.05448,0.84446,8.53996
3.439,0.55843,0.23155,10.09268
3.540,0.85808,0.39499,9.60235
3.639,0.44947,0.02724,9.15287
3.741,0.29965,0.28603,8.53996
3.839,0.35413,0.21793,9.01667
3.940,0.14982,-0.10896,9.80665
4.040,-0.20431,-0.89894,11.00524
4.139,-1.53910,-0.57205,9.50700
4.239,-0.83084,-0.73550,9.08477
4.339,-0.85808,-0.16344,8.94857
4.443,-0.02724,-0.28603,9.24822
4.543,0.31327,-0.53119,9.64321
4.640,0.09534,-1.11687,10.11992
4.744,0.50395,-0.70826,8.94857
7.965,-2.27460,-0.61292,9.64321
8.119,-1.71616,-0.61292,8.94857
8.167,-1.78427,-0.49033,9.53424
8.263,-2.12477,-0.09534,8.70340
8.363,-1.79789,-0.04086,8.94857
8.467,-0.92618,-0.01362,9.57510
8.563,-0.81722,0.27241,9.31632
8.663,-0.96704,0.39499,9.31632
8.764,-0.83084,0.61292,9.00305
8.863,-0.73550,1.08963,8.92133
8.964,-0.66740,1.03515,9.22098
9.064,-0.92618,0.42223,9.19374
9.164,-0.64016,-0.06810,9.90199
9.264,-0.65378,0.31327,9.24822
9.364,-0.54481,0.05448,10.51491
9.464,-0.35413,0.42223,8.66254
9.567,-0.24517,0.93980,8.96219
9.664,-0.83084,1.21221,8.83961
9.765,-0.66740,0.25879,8.67616
9.867,-1.03515,-0.32689,10.28336
9.965,-2.02943,-0.76274,10.47405
10.066,-1.52548,-0.59930,8.13135
10.167,-0.51757,-0.05448,8.06325
10.265,-0.35413,0.29965,9.15287
10.365,-1.02153,0.73550,9.54786
10.467,-0.40861,0.25879,10.99162
10.565,-0.61292,-0.32689,9.95647
10.665,-0.92618,-1.03515,9.75217
10.768,-0.78998,-0.85808,9.68407
10.865,-1.18497,0.19068,8.22669
10.966,-0.14982,-0.58567,9.57510
11.099,0.02724,0.51757,8.53996
11.166,0.09534,-1.55272,12.93933
11.267,1.28031,-0.74912,10.69197
11.367,1.63444,-0.59930,7.36861
11.466,1.25307,-0.66740,7.74998
11.567,1.06239,-1.11687,9.11201
11.668,1.70254,-1.37566,9.49338
11.768,0.47671,-2.71045,9.50700
11.866,0.54481,-1.37566,9.56148
11.971,-1.30755,-0.21793,7.49119
12.118,0.21793,1.48462,8.19945
12.168,2.98286,1.57996,10.24250
12.269,4.39937,0.29965,9.69769
12.367,4.79436,-0.66740,10.06544
12.473,4.14059,-0.34051,8.59444
12.569,4.90333,-0.34051,6.87828
12.673,5.14849,0.96704,6.27898
12.771,6.25174,1.11687,6.81017
12.870,6.79655,0.40861,8.85323
12.969,6.06105,0.77636,8.33565
13.070,4.93057,0.47671,7.96790
13.173,4.24955,1.19859,6.27898
13.269,5.05315,2.31546,6.46967
13.372,5.61158,2.38356,7.35499
13.471,6.83741,0.31327,9.67045
13.572,5.28470,-1.26669,9.26184
13.672,4.03162,-0.98067,7.81808
13.772,3.22802,-0.31327,7.05534
13.870,4.22231,-0.80360,7.80446
13.971,4.53558,-1.32117,8.82598
14.091,3.86818,-1.34841,8.68978
14.171,4.49471,-1.18497,9.00305
14.270,4.34489,-1.06239,8.71702
14.371,4.53558,-0.87170,8.24031
14.473,4.24955,-0.54481,8.03601
14.572,4.73988,-0.39499,7.72274
14.672,5.61158,-0.78998,7.95428
14.773,5.51624,-0.77636,7.76360
14.871,5.72055,-0.98067,7.92704
14.971,5.40728,-1.18497,8.15859
15.072,4.88970,-1.37566,8.09049
15.171,4.53558,-1.56634,8.09049
15.271,4.44023,-1.83875,8.52634
15.371,5.09401,-1.44376,8.51272
15.472,6.57863,-0.25879,7.61377
15.575,7.10982,-0.25879,7.23240
15.672,6.68759,0.27241,5.93847
15.772,4.54920,-1.41652,8.73064
15.872,0.98067,-0.35413,8.53996
15.972,-0.58567,0.76274,9.69769
16.078,-0.64016,1.68892,9.31632
16.173,-0.40861,1.34841,10.77369
16.274,0.24517,0.12258,12.06763
16.372,-3.70473,1.29393,7.95428
16.472,-5.14849,2.34270,6.27898
16.577,-5.10763,2.38356,7.32775
16.676,-7.76360,2.08391,9.62959
16.777,-8.11773,1.72978,10.96438
16.878,-5.12125,0.81722,7.04172
16.973,-3.33699,0.65378,5.59796
17.091,-2.57425,1.77065,7.46395
17.173,-2.90113,2.54700,7.24603
17.273,-4.33127,1.04877,11.55005
17.378,-2.69683,0.78998,11.08696
17.478,-2.38356,0.72188,8.32203
17.575,-4.50834,-0.69464,6.29260
17.673,-5.99295,-2.47890,5.14849
17.786,-2.12477,-9.64321,5.02591
17.878,2.81941,-10.65111,5.38004
17.973,2.88751,-6.93276,7.77722
18.074,-0.13620,-7.36861,8.43099
18.175,-1.06239,-11.86332,4.03162
18.274,-5.09401,-13.42966,0.09534
18.374,3.78646,-3.52767,1.70254
18.475,-0.05448,-9.37080,4.75350
18.576,0.74912,-9.47976,4.71264
18.674,7.23240,-5.27107,1.45738
18.776,5.92485,-12.74865,7.62739
18.874,5.85675,-12.59882,2.35632
18.975,2.95562,-8.70340,3.14630
19.074,0.44947,-13.67483,-0.70826
19.178,4.91695,-18.06058,-0.58567
19.276,6.61949,-4.38575,8.10411
19.378,0.64016,-5.82951,5.85675
19.476,3.54129,-17.81541,4.48109
19.576,-0.66740,-4.98505,-4.07248
19.676,-2.47890,-1.59358,0.43585
19.780,4.76712,-15.03686,-1.98857
19.877,2.58787,-8.17221,5.69331
19.977,5.27107,-2.76493,6.22450
20.078,8.85323,-11.86332,1.40290
20.178,1.15773,-17.32508,2.11115
20.278,-1.48462,-7.94066,-1.47100
20.378,3.24164,-4.69902,3.97714
20.480,1.82513,-1.85237,-2.75131
20.578,-0.83084,-17.21612,-5.35280
20.680,0.20431,-12.55796,-0.87170
20.778,1.33479,-7.13706,3.75922
20.879,5.42090,-5.63882,6.53777
20.979,-0.62654,-16.08563,-1.07601
21.079,-2.19288,-10.16078,-0.12258
21.180,-0.55843,-7.38223,-1.11687
21.279,3.25526,-8.44462,-1.51186
21.381,2.30184,-14.54653,-1.81151
21.479,2.47890,-10.66473,-5.55710
21.579,-0.57205,-10.16078,0.14982
21.679,1.68892,-6.98724,-4.24955
21.784,1.06239,-8.73064,2.75131
21.879,0.50395,-11.52281,-1.77065
21.979,3.29612,-8.90771,-2.05667
22.082,-2.47890,-11.37299,-5.40728
22.179,-6.11554,-11.99953,-1.02153
22.282,-9.13925,-5.48900,-4.00438
22.380,-3.02372,-8.02238,-0.05448
22.480,-0.20431,-11.53643,-1.55272
22.580,-0.31327,-11.76798,0.21793
22.680,-2.23374,-10.89628,-3.26888
22.782,-6.19726,-9.77941,0.64016
22.882,-4.27679,-8.44462,0.06810
22.992,-3.35061,-6.08830,1.60720
23.082,7.17792,-8.39013,3.50043
23.183,-0.54481,-9.03029,4.05886
23.282,-1.26669,-11.76798,-2.92837
23.382,-3.78646,-9.72493,-1.55272
23.486,-3.58215,-10.02458,-3.11906
23.582,-0.55843,-13.32070,-2.73769
23.684,-1.11687,-4.72626,-0.57205
23.783,0.54481,-10.84180,-1.10325
23.882,6.96000,-12.55796,2.83303
23.982,-1.15773,-10.76007,0.83084
24.084,0.73550,-8.03601,0.57205
24.183,0.44947,-9.47976,1.33479
24.284,2.32908,-7.99514,1.70254
24.383,3.73198,-8.67616,0.46309
24.483,3.47319,-9.19374,1.22583
24.583,4.31765,-8.82598,1.41652
24.684,4.12697,-9.54786,1.89323
24.783,6.14278,-10.09268,0.25879
24.885,5.21659,-8.96219,-0.19068
24.994,6.04743,-8.09049,0.77636
25.083,5.55710,-7.99514,0.44947
25.186,6.31984,-8.78512,1.28031
25.284,6.21088,-8.32203,0.83084
25.384,5.61158,-9.34356,1.79789
25.484,6.74207,-9.68407,3.54129
25.585,1.02153,-4.53558,3.44595
25.684,5.69331,-7.45033,4.95781
25.785,5.18935,-8.02238,3.63663
25.884,4.48109,-7.79084,3.70473
25.984,4.57644,-8.56720,3.97714
26.085,3.59577,-8.78512,4.57644
26.185,3.96352,-8.21307,4.22231
26.284,3.96352,-6.61949,3.60939
26.387,4.88970,-6.81017,4.27679
26.485,5.63882,-7.04172,4.80798
26.585,6.19726,-6.68759,4.72626
26.686,6.40156,-6.44242,4.69902
26.786,6.06105,-5.80227,4.93057
26.885,5.97933,-5.66606,5.31194
26.985,6.52415,-4.99867,5.67969
27.085,6.15640,-4.99867,5.73417
27.186,5.73417,-4.79436,4.65816
27.286,6.52415,-5.05315,5.27107
27.386,6.30622,-3.22802,3.52767
27.488,7.16430,-5.42090,5.65244
27.586,9.95647,-4.18145,5.20297
27.688,7.92704,-3.60939,4.61730
27.786,6.87828,-4.12697,5.48900
27.886,6.06105,-4.29041,5.01229
28.007,6.57863,-4.69902,5.17573
28.086,6.90552,-4.57644,6.19726
28.188,7.96790,-4.29041,3.47319
28.286,8.26755,-4.63092,3.15992
28.386,8.15859,-4.69902,2.32908
28.491,8.48548,-4.95781,3.01010
28.586,7.76360,-4.88970,3.10544
28.689,7.28689,-4.07248,5.20297
28.787,7.94066,-4.34489,4.11335
28.889,7.02810,-4.04524,4.44023
28.998,7.19154,-4.38575,3.45957
29.087,8.00876,-4.69902,3.29612
29.187,8.04963,-4.63092,3.25526
29.289,8.28117,-4.57644,5.38004
29.387,8.06325,-4.90333,2.88751
29.487,8.06325,-4.69902,2.54700
29.589,8.63530,-5.13487,2.47890
29.687,8.44462,-5.38004,3.06458
29.788,8.24031,-4.65816,2.31546
29.887,8.40375,-4.83522,2.34270
29.987,8.26755,-3.94990,2.30184
30.089,8.49910,-4.57644,2.24736
30.188,7.85894,-4.82160,2.24736
30.288,7.01448,-4.48109,2.22012
30.389,7.25965,-5.13487,2.98286
30.488,7.66826,-4.67178,2.95562
30.588,8.03601,-3.86818,2.65597
30.688,7.99514,-4.93057,2.66959
30.790,8.36289,-4.93057,2.47890
30.888,8.51272,-4.61730,2.12477
30.988,8.36289,-4.29041,2.22012
31.117,8.63530,-4.46747,2.26098
31.188,8.47186,-4.49471,2.42442
31.289,8.37651,-4.49471,2.39718
31.389,8.28117,-4.57644,2.94200
31.491,8.32203,-4.44023,3.06458
31.589,8.26755,-4.67178,2.95562
31.689,8.30841,-4.65816,3.10544
31.789,8.30841,-4.57644,3.11906
31.891,8.29479,-4.50834,3.09182
31.995,8.18583,-4.56282,3.54129
32.089,8.09049,-4.37213,3.18716
32.192,8.21307,-4.44023,3.37785
32.290,8.37651,-4.60368,3.14630
32.389,8.10411,-4.57644,3.33699
32.493,7.99514,-4.67178,3.45957
32.590,8.58082,-4.49471,3.43233
32.693,8.21307,-4.64454,3.32336
32.790,8.36289,-4.31765,1.60720
32.892,8.51272,-4.44023,2.57425
32.998,9.19374,-4.95781,2.99648
33.090,8.88047,-4.18145,2.69683
33.190,8.21307,-4.31765,3.13268
33.294,8.32203,-4.41299,3.01010
33.390,8.21307,-4.44023,2.80579
33.491,8.39013,-4.39937,2.99648
33.590,8.32203,-4.59006,3.02372
33.690,8.29479,-4.48109,2.99648
33.794,8.37651,-4.29041,3.18716
33.891,8.44462,-4.18145,3.21440
33.991,8.67616,-4.18145,3.11906
34.091,8.14497,-4.44023,3.56853
34.191,8.51272,-4.34489,3.20078
34.293,8.11773,-4.41299,3.18716
34.393,8.97581,-4.99867,4.63092
34.491,8.51272,-4.26317,3.29612
34.593,8.44462,-4.34489,3.10544
34.692,8.58082,-4.15421,2.64235
34.795,8.56720,-4.29041,2.66959
34.891,8.48548,-4.22231,2.56063
34.991,8.47186,-4.30403,2.69683
35.091,8.55358,-4.23593,2.80579
35.191,8.60806,-4.22231,2.41080
35.291,8.63530,-4.29041,2.45166
35.394,8.75788,-4.12697,2.51976
35.493,8.79874,-4.22231,2.24736
35.593,8.63530,-4.03162,2.43804
35.692,8.60806,-4.15421,2.41080
35.793,8.51272,-3.73198,2.66959
35.894,8.58082,-3.89542,2.73769
35.993,8.63530,-4.04524,2.60149
36.093,8.58082,-3.97714,2.76493
36.194,8.53996,-4.00438,2.72407
36.293,8.49910,-4.05886,2.80579
36.395,9.00305,-3.88180,3.24164
36.493,8.34927,-3.70473,2.95562
36.594,8.59444,-4.08610,3.02372
36.693,8.71702,-4.12697,2.83303
36.793,8.73064,-3.99076,2.69683
36.895,8.59444,-3.97714,3.01010
36.993,8.70340,-3.89542,2.91475
37.093,8.79874,-4.05886,2.83303
37.195,9.75217,-3.96352,3.03734
37.294,9.20736,-4.15421,2.73769
37.394,9.20736,-3.70473,2.41080
37.497,8.59444,-3.89542,2.41080
37.594,8.58082,-4.39937,2.08391
37.694,8.82598,-3.65025,2.42442
37.794,8.44462,-4.45385,1.67530
37.895,8.82598,-4.53558,1.41652
38.004,9.12563,-3.96352,1.37566
38.104,9.19374,-3.96352,1.06239
38.194,9.28908,-3.60939,0.34051
38.295,9.12563,-3.56853,-0.38137
38.395,9.23460,-3.66387,-1.41652
38.495,9.43890,-1.82513,-1.82513
38.595,9.27546,-2.17926,-1.86599
38.700,9.61597,-2.15201,-2.23374
38.797,9.75217,-2.31546,-2.24736
38.899,9.43890,-2.07029,-2.31546
38.997,9.43890,-2.35632,-1.85237
39.097,9.41166,-2.68321,-1.86599
39.199,9.49338,-2.76493,-1.74340
39.302,9.50700,-2.61511,-1.72978
39.398,9.43890,-2.56063,-1.70254
39.501,9.47976,-2.60149,-1.47100
39.600,9.52062,-2.58787,-1.90685
39.699,9.38442,-2.53338,-1.90685
39.799,9.41166,-2.47890,-1.72978
39.899,9.57510,-2.41080,-1.83875
39.999,9.50700,-2.35632,-1.98857
40.102,9.35718,-2.45166,-1.89323
40.200,9.50700,-2.36994,-1.81151
40.301,9.45252,-2.38356,-1.68892
40.400,9.41166,-2.38356,-1.52548
40.502,9.53424,-2.47890,-1.55272
40.600,9.60235,-2.28822,-1.55272
40.703,9.57510,-2.24736,-1.52548
40.800,9.58873,-2.30184,-1.36203
40.905,9.50700,-2.32908,-1.40290
41.007,9.46614,-2.34270,-1.30755
41.100,9.57510,-2.49252,-1.28031
41.201,9.58873,-2.58787,-1.00791
41.301,9.49338,-2.50614,-1.34841
41.404,9.50700,-2.50614,-1.32117
41.501,9.60235,-2.49252,-1.33479
41.601,9.57510,-2.56063,-1.33479
41.701,9.43890,-2.35632,-1.57996
41.801,9.58873,-2.28822,-1.93409
41.903,9.42528,-2.27460,-2.24736
42.001,9.43890,-2.34270,-2.26098
42.113,9.45252,-2.31546,-2.11115
42.206,9.56148,-2.27460,-2.02943
42.302,9.47976,-2.24736,-2.00219
42.404,9.52062,-2.35632,-1.79789
42.502,9.45252,-2.34270,-1.79789
42.604,9.50700,-2.34270,-1.67530
42.702,9.72493,-2.45166,-1.86599
42.802,9.42528,-2.36994,-1.68892
42.902,9.49338,-2.32908,-1.77065
43.004,9.60235,-2.34270,-1.66168
43.133,9.52062,-2.28822,-1.72978
43.202,9.45252,-2.31546,-1.74340
43.303,9.50700,-2.32908,-1.64806
43.403,9.47976,-2.30184,-1.67530
43.503,9.84751,-2.22012,-1.67530
43.605,9.58873,-2.34270,-1.59358
43.703,9.61597,-2.38356,-1.45738
43.803,9.58873,-2.30184,-1.41652
43.903,9.43890,-2.38356,-1.74340
44.004,9.52062,-2.31546,-1.47100
44.103,9.57510,-2.24736,-1.67530
44.203,9.53424,-2.36994,-1.63444
44.305,9.42528,-2.32908,-1.62082
44.403,9.62959,-2.27460,-1.67530
44.504,9.60235,-2.24736,-1.67530
44.603,9.57510,-2.42442,-1.67530
44.704,9.54786,-2.36994,-1.70254
44.806,9.60235,-2.30184,-1.71616
44.904,9.50700,-2.28822,-1.68892
45.004,9.46614,-2.27460,-1.72978
45.114,9.52062,-2.28822,-1.66168
45.204,9.47976,-2.34270,-1.66168
45.308,9.54786,-2.35632,-1.63444
45.406,9.71131,-2.12477,-1.93409
45.506,9.50700,-2.19288,-2.24736
45.606,9.50700,-2.27460,-2.23374
45.709,9.50700,-2.32908,-2.30184
45.807,9.42528,-2.27460,-2.23374
45.908,9.42528,-2.27460,-2.15201
46.007,9.39804,-2.19288,-2.28822
46.108,9.37080,-2.24736,-2.39718
46.207,9.54786,-2.57425,-2.45166
46.311,9.26184,-2.00219,-3.14630
46.407,9.92923,-2.50614,-2.90113
46.508,9.42528,-1.85237,-3.06458
46.609,9.24822,-1.57996,-3.41871
46.708,9.28908,-1.83875,-3.32336
46.809,9.62959,-2.08391,-2.95562
46.908,9.50700,-1.74340,-2.41080
47.007,9.65683,-2.22012,-1.64806
47.107,9.57510,-2.08391,-1.81151
47.207,9.62959,-1.96133,-2.02943
47.308,9.54786,-2.00219,-2.11115
47.409,9.60235,-1.96133,-2.01581
47.510,9.54786,-1.97495,-2.00219
47.608,9.52062,-1.96133,-2.15201
47.710,9.39804,-1.93409,-1.67530
47.808,9.57510,-2.31546,-1.06239
47.909,9.62959,-2.46528,-0.91256
48.008,9.57510,-2.57425,-1.04877
48.109,9.54786,-2.80579,-1.04877
48.208,9.31632,-2.41080,-0.64016
48.311,9.61597,-2.45166,-1.04877
48.408,9.60235,-2.19288,-1.41652
48.511,9.61597,-2.28822,-1.34841
48.609,9.57510,-2.16564,-1.28031
48.711,9.64321,-2.19288,-1.29393
48.809,9.52062,-2.23374,-1.23945
48.911,9.67045,-2.20650,-1.22583
49.009,9.65683,-2.36994,-0.77636
49.110,9.58873,-2.31546,-0.80360
49.211,9.67045,-2.39718,-0.84446
49.309,9.42528,-2.42442,-0.95342
49.409,9.47976,-2.57425,-0.78998
49.514,9.58873,-2.50614,-0.74912
49.610,9.62959,-2.19288,-0.80360
49.712,9.65683,-2.54700,-0.80360
49.810,9.67045,-2.96924,-0.38137
49.912,9.72493,-2.65597,-1.02153
50.010,9.56148,-2.46528,-1.02153
50.111,9.61597,-2.76493,-0.92618
50.210,9.19374,-1.77065,-1.08963
50.315,9.64321,-2.68321,0.10896
50.410,9.56148,-2.76493,-0.24517
50.512,9.62959,-2.19288,-0.73550
50.611,9.50700,-1.63444,-0.89894
50.711,9.62959,-1.57996,-0.84446
50.811,9.87475,-1.63444,-0.31327
50.911,10.44681,-2.60149,-0.54481
51.011,8.15859,-0.55843,-5.61158
51.113,8.89409,-0.83084,-4.68540
51.211,9.27546,-0.66740,-3.85456
51.313,9.16649,-0.80360,-4.29041
51.411,9.04391,-0.91256,-4.37213
51.512,8.98943,-0.88532,-4.35851
51.611,8.90771,-0.89894,-4.48109
51.712,8.93495,-0.88532,-4.20869
51.811,9.03029,-0.84446,-4.03162
51.913,8.93495,-0.96704,-4.05886
52.012,8.90771,-0.88532,-4.34489
52.113,8.93495,-0.88532,-4.34489
52.212,9.01667,-1.00791,-4.34489
52.312,9.05753,-0.92618,-4.22231
52.414,8.79874,-0.81722,-4.03162
52.513,8.93495,-0.77636,-3.89542
52.613,9.57510,-2.46528,-3.48681
52.714,9.32994,0.31327,-2.17926
52.812,9.73855,-0.47671,-1.56634
52.914,10.03820,-0.92618,-1.70254
53.012,10.28336,0.95342,-1.32117
53.112,9.82027,-0.32689,-1.56634
53.212,9.90199,-0.69464,-1.62082
53.316,9.68407,-1.02153,-1.90685
53.414,9.83389,-0.96704,-1.48462
53.514,9.87475,-2.07029,-1.23945
53.614,9.65683,-0.66740,-1.96133
53.717,9.67045,-0.77636,-1.79789
53.815,9.61597,-0.70826,-2.12477
53.917,9.61597,-0.54481,-2.38356
54.015,9.62959,-0.61292,-2.07029
54.115,9.62959,-0.70826,-2.00219
54.215,9.62959,-0.81722,-1.97495
54.315,9.65683,-0.77636,-2.00219
54.417,9.67045,-0.78998,-2.05667
54.517,9.60235,-0.73550,-2.05667
54.616,9.60235,-0.80360,-2.02943
54.718,9.60235,-0.84446,-2.00219
54.816,9.58873,-0.83084,-2.12477
54.917,9.60235,-0.73550,-2.36994
55.016,9.61597,-0.74912,-2.31546
55.116,9.57510,-0.81722,-2.23374
55.217,9.56148,-0.83084,-2.30184
55.318,9.64321,-0.84446,-2.22012
55.416,9.60235,-0.76274,-2.27460
55.517,9.61597,-0.80360,-2.22012
55.616,9.57510,-0.84446,-2.12477
55.720,9.60235,-0.80360,-2.24736
55.816,9.50700,-0.80360,-2.16564
55.919,9.50700,-0.80360,-2.43804
56.017,9.64321,-0.65378,-2.57425
56.117,9.60235,-0.69464,-2.60149
56.219,9.41166,-0.95342,-2.36994
56.317,9.01667,-0.58567,-3.33699
56.417,8.79874,-0.38137,-3.54129
56.518,9.03029,-0.43585,-3.86818
56.617,9.12563,-0.47671,-3.93628
56.717,8.96219,-0.59930,-4.14059
56.818,9.24822,-0.76274,-4.22231
56.920,9.15287,-0.51757,-4.04524
57.019,9.08477,-0.44947,-4.01800
57.119,9.09839,-0.55843,-3.92266
57.220,9.05753,-0.54481,-3.82732
57.318,9.20736,-0.58567,-3.54129
57.418,9.26184,-0.57205,-3.55491
57.518,9.22098,-0.73550,-3.54129
57.625,9.34356,-0.65378,-3.55491
57.719,9.27546,-0.57205,-3.55491
57.823,9.24822,-0.58567,-3.39147
57.921,9.22098,-0.64016,-3.25526
58.023,9.31632,-0.53119,-3.29612
58.141,9.26184,-0.64016,-3.26888
58.221,9.37080,-0.83084,-3.15992
58.321,9.28908,-0.64016,-3.06458
58.421,9.42528,-0.84446,-2.92837
58.526,9.42528,-0.87170,-2.95562
58.621,9.38442,-0.89894,-2.95562
58.722,9.38442,-0.92618,-2.92837
58.823,9.35718,-0.87170,-2.99648
58.924,9.56148,-1.00791,-2.81941
59.022,9.43890,-0.92618,-2.91475
59.123,9.47976,-0.89894,-2.86027
59.222,9.38442,-0.85808,-2.90113
59.324,9.43890,-0.89894,-2.86027
59.422,9.47976,-0.92618,-2.94200
59.522,9.41166,-0.87170,-2.94200
59.625,9.39804,-1.03515,-2.90113
59.723,9.50700,-0.84446,-2.95562
59.825,9.46614,-0.76274,-2.99648
59.923,9.43890,-0.92618,-2.90113
60.024,9.38442,-0.96704,-2.91475
60.136,9.47976,-0.83084,-2.88751
60.223,9.39804,-0.91256,-2.94200
60.323,9.38442,-0.96704,-2.95562
60.424,9.42528,-0.85808,-2.95562
60.525,9.39804,-0.83084,-2.94200
60.624,9.39804,-0.85808,-2.99648
60.726,9.41166,-0.91256,-2.83303
60.824,9.43890,-0.95342,-2.86027
60.925,9.42528,-0.92618,-2.83303
61.024,9.43890,-0.84446,-2.84665
61.124,9.45252,-0.89894,-2.91475
61.225,9.39804,-0.92618,-2.90113
61.326,9.47976,-0.87170,-2.92837
61.424,9.43890,-0.89894,-2.91475
61.526,9.42528,-0.89894,-2.91475
61.624,9.42528,-0.87170,-2.90113
61.725,9.43890,-0.92618,-2.88751
61.824,9.52062,-0.89894,-2.95562
61.927,9.53424,-0.83084,-2.77855
62.025,9.47976,-0.80360,-2.86027
62.126,9.42528,-0.85808,-2.87389
62.225,9.38442,-0.87170,-2.86027
62.325,9.41166,-0.87170,-2.83303
62.426,9.45252,-0.85808,-2.87389
62.527,9.45252,-0.83084,-2.90113
62.626,9.46614,-0.88532,-2.86027
62.729,9.43890,-0.92618,-2.86027
62.826,9.45252,-0.81722,-2.80579
62.927,9.49338,-0.84446,-2.87389
63.027,9.43890,-0.85808,-2.71045
63.127,9.43890,-0.81722,-2.79217
63.226,9.47976,-0.76274,-2.76493
63.329,9.43890,-0.83084,-2.76493
63.426,9.46614,-0.88532,-2.73769
63.529,9.41166,-0.83084,-2.71045
63.629,9.46614,-0.83084,-2.76493
63.731,9.46614,-0.87170,-2.76493
63.829,9.50700,-0.83084,-2.66959
63.931,9.47976,-0.83084,-2.79217
64.029,9.46614,-0.85808,-2.73769
64.131,9.50700,-0.81722,-2.71045
64.231,9.49338,-0.85808,-2.68321
64.334,9.47976,-0.89894,-2.76493
64.430,9.50700,-0.87170,-2.71045
64.532,9.47976,-0.84446,-2.69683
64.630,9.50700,-0.87170,-2.76493
64.731,9.45252,-0.88532,-2.76493
64.830,9.52062,-0.83084,-2.75131
64.930,9.45252,-0.85808,-2.69683
65.033,9.43890,-0.85808,-2.66959
65.160,9.47976,-0.84446,-2.68321
65.231,9.43890,-0.87170,-2.64235
65.331,9.45252,-0.89894,-2.68321
65.432,9.45252,-0.85808,-2.61511
65.531,9.52062,-0.87170,-2.75131
65.631,9.41166,-0.77636,-2.83303
65.731,9.42528,-0.85808,-2.71045
65.833,9.49338,-0.85808,-2.76493
65.931,9.28908,-0.92618,-2.39718
66.033,9.53424,-1.02153,-2.09753
66.142,9.72493,-1.81151,-1.34841
66.232,9.69769,-1.62082,-1.45738
66.331,9.68407,-1.47100,-1.55272
66.434,9.65683,-1.53910,-1.93409
66.533,9.57510,-1.79789,-1.93409
66.634,9.57510,-2.08391,-1.62082
66.732,9.53424,-2.17926,-1.60720
66.833,9.49338,-2.24736,-1.66168
66.932,9.60235,-2.38356,-1.60720
67.035,13.27984,-3.65025,-2.87389
67.164,10.80094,-2.57425,-2.12477
67.233,9.38442,-2.88751,-1.83875
67.335,9.41166,-1.83875,-1.82513
67.433,9.49338,-1.08963,-1.53910
67.533,9.67045,-1.51186,-1.59358
67.633,9.72493,-2.19288,-1.63444
67.735,10.16078,-2.41080,-2.45166
67.833,9.69769,-1.81151,-0.17706
67.933,9.60235,-1.86599,0.58567
68.036,9.42528,-2.58787,0.68102
68.151,9.82027,-1.72978,2.15201
68.233,9.60235,-1.47100,1.47100
68.333,9.86113,-1.41652,1.15773
68.433,10.02458,-1.37566,0.92618
68.533,9.64321,-0.20431,1.22583
68.633,9.75217,-0.08172,1.60720
68.733,9.67045,-0.21793,1.36203
68.833,9.34356,-0.21793,1.44376
68.933,9.84751,-0.54481,1.47100
69.033,9.61597,-1.47100,0.92618
69.133,9.69769,-1.77065,1.13049
69.233,9.73855,-0.93980,1.02153
69.334,9.76579,-0.85808,0.51757
69.434,9.57510,-0.84446,0.39499
69.534,9.43890,-0.42223,1.28031
69.634,9.53424,-0.69464,1.33479
69.734,9.41166,-0.83084,1.33479
69.836,9.64321,-0.85808,1.45738
69.934,9.65683,-0.08172,1.53910
70.036,9.65683,-0.16344,0.55843
70.158,9.75217,-0.32689,0.24517
70.234,9.73855,-0.24517,0.34051
70.337,9.99734,0.66740,0.87170
70.434,10.07906,-0.27241,0.55843
70.537,9.76579,-0.61292,0.66740
70.635,9.67045,-0.42223,0.42223
70.735,9.37080,-0.47671,0.05448
70.835,9.56148,-0.28603,-0.54481
70.937,9.76579,-0.21793,-0.51757
71.035,9.80665,-0.23155,-0.44947
71.135,9.76579,-0.19068,-0.66740
71.237,10.26974,-0.19068,-0.54481
71.335,9.92923,-0.09534,-0.74912
71.438,9.80665,-0.20431,-0.68102
71.536,9.72493,-0.24517,-0.65378
71.636,9.86113,-0.28603,-0.66740
71.735,9.76579,-0.19068,-0.64016
71.836,9.76579,-0.24517,-0.66740
71.936,9.77941,-0.27241,-0.64016
72.036,9.80665,-0.23155,-0.68102
72.137,9.72493,-0.21793,-0.72188
72.238,9.71131,-0.19068,-0.70826
72.337,9.73855,-0.19068,-0.66740
72.439,9.75217,-0.21793,-0.66740
72.537,9.73855,-0.21793,-0.69464
72.638,9.80665,-0.25879,-0.70826
72.739,9.76579,-0.28603,-0.69464
72.843,9.73855,-0.25879,-0.72188
72.941,9.79303,-0.23155,-0.76274
73.041,9.75217,-0.20431,-0.72188
73.142,9.76579,-0.35413,-0.72188
73.243,9.65683,-0.19068,-0.76274
73.342,9.83389,-0.27241,-0.70826
73.444,9.76579,-0.24517,-0.76274
73.541,9.69769,-0.28603,-0.64016
73.643,9.97009,-0.34051,-0.73550
73.742,9.83389,-0.20431,-0.70826
73.846,9.82027,-0.31327,-0.72188
73.942,9.79303,-0.31327,-0.80360
74.042,9.73855,-0.20431,-0.80360
74.143,9.77941,-0.24517,-0.73550
74.242,9.69769,-0.24517,-0.83084
74.343,9.69769,-0.24517,-0.80360
74.442,9.75217,-0.25879,-0.77636
74.545,9.71131,-0.28603,-0.68102
74.643,9.73855,-0.23155,-0.80360
74.745,9.76579,-0.20431,-0.70826
74.843,9.71131,-0.17706,-0.81722
74.946,9.69769,-0.23155,-0.77636
75.043,9.99734,-0.36775,-0.72188
75.144,9.73855,-0.19068,-0.80360
75.246,9.73855,-0.28603,-0.76274
75.345,9.84751,-0.19068,-0.80360
75.444,9.83389,-0.25879,-0.76274
75.546,9.73855,-0.28603,-0.74912
75.644,9.73855,-0.21793,-0.78998
75.745,9.72493,-0.16344,-0.78998
75.848,9.72493,-0.23155,-0.83084
75.944,9.75217,-0.24517,-0.81722
76.047,9.92923,-0.38137,-0.80360
76.145,9.64321,-0.12258,-0.69464
76.247,9.64321,-0.14982,-0.69464
76.344,9.83389,-0.19068,-0.72188
76.447,9.80665,-0.28603,-0.77636
76.547,9.65683,-0.25879,-0.74912
76.647,9.64321,-0.24517,-0.74912
76.745,9.69769,-0.17706,-0.81722
76.848,9.57510,-0.28603,-0.92618
76.946,9.76579,-0.36775,-0.92618
77.046,9.73855,-0.27241,-0.87170
77.147,9.75217,-0.29965,-0.81722
77.246,9.38442,-0.19068,-0.89894
77.349,9.88837,-0.31327,-0.92618
77.448,9.73855,-0.21793,-0.59930
77.550,9.80665,-0.25879,-0.50395
77.648,9.95647,-0.59930,0.09534
77.750,9.80665,-1.03515,-0.14982
77.848,10.31060,-1.02153,0.40861
77.951,9.47976,-1.36203,1.70254
78.054,9.67045,-1.10325,0.77636
78.150,9.67045,-0.98067,0.85808
78.252,9.50700,-0.73550,1.56634
78.350,9.61597,-0.81722,0.70826
78.450,9.22098,-0.85808,2.92837
78.550,9.34356,-1.22583,2.07029
78.653,9.53424,-0.88532,1.77065
78.753,9.60235,-0.83084,1.77065
78.850,9.64321,-0.47671,1.81151
78.952,9.23460,-0.31327,0.89894
79.050,9.69769,-0.24517,0.57205
79.153,9.64321,-0.50395,1.06239
79.252,9.60235,-0.47671,0.47671
79.350,9.87475,-0.38137,0.77636
79.451,9.60235,-0.44947,0.83084
79.553,9.67045,-0.53119,0.61292
79.651,10.43319,0.05448,0.49033
79.752,10.02458,-0.14982,0.46309
79.851,9.64321,-0.31327,0.42223
79.954,9.80665,-0.23155,0.38137
80.051,9.64321,-0.09534,0.20431
80.151,9.67045,-0.19068,0.19068
80.253,9.67045,-0.20431,0.02724
80.351,9.79303,-0.31327,0.28603
80.454,9.77941,-0.20431,-0.05448
80.554,9.73855,-0.21793,0.20431
80.651,9.84751,-0.24517,0.09534
80.756,9.73855,-0.23155,-0.05448
80.852,9.73855,-0.21793,0.19068
80.954,9.79303,-0.28603,0.06810
81.052,9.72493,-0.21793,0.01362
81.152,9.77941,-0.16344,0.09534
81.252,9.73855,-0.34051,0.17706
81.354,9.71131,-0.28603,-0.02724
81.452,9.76579,-0.20431,0.06810
81.552,9.76579,-0.24517,0.10896
81.652,9.69769,-0.31327,0.01362
81.754,9.73855,-0.21793,0.05448
81.852,9.77941,-0.21793,0.05448
81.953,9.72493,-0.23155,0.09534
82.055,9.75217,-0.23155,-0.01362
82.154,9.73855,-0.27241,0.02724
82.256,9.72493,-0.32689,0.04086
82.354,9.82027,-0.14982,-0.09534
82.456,9.77941,-0.19068,-0.09534
82.554,9.73855,-0.25879,-0.16344
82.657,9.72493,-0.19068,-0.10896
82.757,9.76579,-0.12258,-0.17706
82.854,9.67045,-0.20431,-0.08172
82.958,9.73855,-0.31327,-0.02724
83.055,9.69769,-0.38137,-0.12258
83.155,9.56148,-0.54481,-0.25879
83.257,9.38442,-0.96704,-0.13620
83.355,9.41166,-1.11687,-0.21793
83.455,9.52062,-1.34841,-0.34051
83.555,9.54786,-1.53910,-0.27241
83.655,9.56148,-1.64806,-0.47671
83.757,9.69769,-2.20650,-0.50395
83.857,9.67045,-2.50614,-0.57205
83.955,9.64321,-2.98286,-0.57205
84.056,9.52062,-3.54129,-0.73550
84.161,9.24822,-4.20869,-0.92618
84.260,9.56148,-4.64454,-0.99429
84.356,9.08477,-4.86246,-1.18497
84.456,8.90771,-5.18935,-1.07601
84.559,8.83961,-5.89761,-1.02153
84.659,8.32203,-5.95209,-0.93980
84.756,7.92704,-6.06105,-0.88532
84.858,7.25965,-7.64102,-0.58567
84.959,6.82379,-8.64892,-0.68102
85.057,6.64673,-8.37651,-0.74912
85.168,6.02019,-8.52634,-0.64016
85.277,5.31194,-8.34927,-0.66740
85.359,4.93057,-8.82598,-0.58567
85.462,4.07248,-9.62959,-0.87170
85.559,3.06458,-9.79303,-0.89894
85.659,2.31546,-10.48767,-0.92618
85.761,2.92837,-10.95076,0.54481
85.861,1.81151,-9.84751,-0.57205
85.960,1.10325,-9.05753,-0.55843
86.060,0.92618,-9.61597,-0.64016
86.160,0.72188,-9.53424,-0.70826
86.260,0.74912,-9.16649,-0.58567
86.360,0.78998,-8.06325,-0.54481
86.460,-0.05448,-9.19374,-0.39499
86.563,-1.17135,-10.28336,-0.39499
86.660,-1.43014,-10.62387,-0.19068
86.762,-0.55843,-10.09268,-0.36775
86.869,-1.11687,-9.50700,-0.19068
86.962,-1.11687,-9.82027,-0.21793
87.062,-1.53910,-9.92923,-0.28603
87.194,-1.62082,-9.92923,-0.28603
87.262,-1.45738,-9.95647,-0.13620
87.364,-1.45738,-9.42528,-0.19068
87.462,-1.45738,-9.50700,-0.14982
87.563,-1.87961,-10.51491,0.20431
87.662,-2.31546,-10.24250,-0.12258
87.765,-1.94771,-9.76579,-0.13620
87.863,-1.82513,-9.22098,-0.19068
87.965,-1.85237,-9.69769,-0.02724
88.063,-2.54700,-9.76579,-0.14982
88.163,-2.09753,-9.80665,-0.19068
88.265,-1.98857,-7.73636,-1.60720
88.365,-2.34270,-9.57510,-0.40861
88.465,-2.53338,-9.45252,-0.19068
88.565,-2.15201,-9.69769,-0.12258
88.663,-2.19288,-9.68407,-0.13620
88.766,-2.28822,-9.47976,-0.12258
88.863,-2.50614,-9.71131,-0.19068
88.963,-2.61511,-9.76579,0.08172
89.063,-2.61511,-9.69769,0.08172
89.164,-2.34270,-9.69769,-0.16344
89.266,-2.60149,-9.57510,-0.09534
89.364,-2.57425,-9.43890,-0.06810
89.464,-2.12477,-9.50700,-0.28603
89.565,-2.08391,-9.79303,-0.14982
89.665,-2.60149,-9.45252,0.06810
89.764,-2.62873,-9.56148,-0.38137
89.866,-2.66959,-9.56148,-0.02724
89.964,-2.49252,-9.50700,-0.04086
90.066,-2.51976,-9.47976,-0.05448
90.186,-2.64235,-9.41166,0.13620
90.265,-2.41080,-9.52062,0.13620
90.365,-2.71045,-9.34356,0.46309
90.465,-2.75131,-9.41166,0.50395
90.566,-2.54700,-9.31632,0.29965
90.668,-2.60149,-9.39804,0.50395
90.767,-2.64235,-9.42528,0.88532
90.867,-2.56063,-9.43890,0.87170
90.966,-2.60149,-9.37080,0.69464
91.077,-2.60149,-9.38442,0.92618
91.174,-2.54700,-9.34356,1.00791
91.268,-2.75131,-9.43890,0.99429
91.368,-2.65597,-9.32994,0.88532
91.469,-2.54700,-9.31632,0.96704
91.571,-2.64235,-9.35718,0.89894
91.683,-2.45166,-9.41166,0.55843
91.768,-2.56063,-9.53424,0.88532
91.871,-2.57425,-9.41166,0.80360
91.968,-3.47319,-9.23460,0.91256
92.073,-2.01581,-9.94285,0.38137
92.202,-2.35632,-9.50700,1.60720
92.269,-2.53338,-9.31632,0.96704
92.371,-2.57425,-9.38442,0.73550
92.469,-2.65597,-9.39804,0.78998
92.570,-2.54700,-9.43890,0.83084
92.670,-2.56063,-9.30270,0.85808
92.769,-2.47890,-9.49338,0.80360
92.871,-2.46528,-9.46614,0.72188
92.969,-2.50614,-9.38442,0.87170
93.069,-2.43804,-9.54786,0.76274
93.177,-2.35632,-9.46614,0.89894
93.270,-2.38356,-9.54786,0.83084
93.370,-2.32908,-9.46614,0.72188
93.472,-1.93409,-9.56148,0.59930
93.570,-3.21440,-9.22098,0.68102
93.672,-3.35061,-9.57510,0.72188
93.770,-2.31546,-9.64321,0.80360
93.870,-2.30184,-9.72493,0.92618
93.972,-2.08391,-9.82027,0.76274
94.070,-2.04305,-9.76579,0.74912
94.171,-1.89323,-9.90199,0.64016
94.273,-1.90685,-9.65683,0.70826
94.371,-2.16564,-9.47976,0.72188
94.474,-1.93409,-9.67045,0.89894
94.571,-1.86599,-9.60235,0.70826
94.673,-2.22012,-9.67045,0.83084
94.771,-1.87961,-9.69769,0.70826
94.873,-1.96133,-9.58873,0.73550
94.971,-1.86599,-9.69769,0.72188
95.071,-2.51976,-9.47976,0.66740
95.172,-1.83875,-9.64321,0.66740
95.274,-2.02943,-9.54786,0.70826
95.371,-2.08391,-9.68407,0.72188
95.472,-2.01581,-9.64321,0.65378
95.573,-2.12477,-9.57510,0.92618
95.674,-1.92047,-9.65683,0.84446
95.772,-2.11115,-9.67045,0.92618
95.874,-2.22012,-9.57510,0.87170
95.972,-1.86599,-9.68407,0.89894
96.073,-2.24736,-9.61597,0.77636
96.194,-2.13839,-9.57510,0.76274
96.272,-2.22012,-9.58873,0.81722
96.376,-2.12477,-9.54786,0.84446
96.473,-2.28822,-9.34356,0.88532
96.575,-2.12477,-9.50700,0.72188
96.673,-2.12477,-9.60235,0.89894
96.775,-2.38356,-9.56148,0.53119
96.873,-2.13839,-9.83389,1.18497
96.973,-2.57425,-8.40375,0.89894
97.073,-2.42442,-9.12563,1.14411
97.174,-2.51976,-9.43890,1.72978
97.275,-2.81941,-9.08477,1.51186
97.373,-2.99648,-9.28908,1.72978
97.474,-2.83303,-9.26184,1.53910
97.573,-3.11906,-9.20736,1.66168
97.677,-3.11906,-9.15287,1.53910
97.774,-3.02372,-9.24822,1.63444
97.877,-3.07820,-9.20736,1.25307
97.974,-3.55491,-9.03029,1.14411
98.077,-2.43804,-9.15287,1.67530
98.175,-3.41871,-8.86685,1.59358
98.278,-2.77855,-8.77150,1.33479
98.375,-2.90113,-9.08477,1.74340
98.480,-3.09182,-8.96219,1.64806
98.579,-3.15992,-9.32994,1.63444
98.676,-2.99648,-9.03029,1.52548
98.775,-2.98286,-9.11201,1.64806
98.876,-2.83303,-9.19374,1.44376
98.975,-2.80579,-9.15287,1.32117
99.078,-2.76493,-9.19374,1.92047
99.206,-2.95562,-9.22098,1.59358
99.276,-2.84665,-9.64321,1.60720
99.378,-2.43804,-9.47976,1.44376
99.476,-2.65597,-9.28908,1.04877
99.577,-3.36423,-8.79874,0.53119
99.676,-2.90113,-9.60235,0.93980
99.777,-2.54700,-9.57510,-0.68102
99.879,-2.72407,-9.41166,0.70826
99.977,-2.71045,-9.49338,0.70826
100.079,-2.84665,-9.64321,0.44947
100.184,-2.53338,-9.15287,1.13049
100.277,-3.71835,-7.45033,0.73550
100.378,-1.79789,-9.47976,0.80360
100.479,-4.05886,-8.09049,1.21221
100.578,-3.30974,-8.28117,0.28603
100.679,-3.40509,-8.88047,0.02724
100.778,-3.17354,-9.35718,0.19068
100.878,-2.96924,-9.67045,0.28603
100.981,-2.80579,-9.50700,0.51757
101.079,-2.91475,-9.19374,0.21793
101.179,-2.98286,-9.28908,0.76274
101.281,-3.07820,-9.49338,0.92618
101.379,-2.73769,-9.13925,0.72188
101.480,-3.43233,-9.58873,0.46309
101.579,-3.26888,-8.78512,0.06810
101.680,-2.30184,-9.34356,0.44947
101.780,-2.73769,-9.95647,0.14982
101.881,-3.17354,-8.93495,0.38137
101.989,-3.41871,-10.66473,1.56634
102.080,-3.32336,-9.86113,1.41652
102.179,-2.46528,-9.07115,0.98067
102.280,-2.45166,-9.22098,1.06239
102.380,-2.42442,-9.34356,1.62082
102.484,-2.31546,-9.47976,1.30755
102.581,-3.02372,-9.43890,1.45738
102.683,-2.91475,-9.34356,1.25307
102.782,-2.73769,-9.03029,1.34841
102.884,-2.42442,-9.38442,1.10325
102.984,-1.97495,-9.71131,1.08963
103.084,-2.68321,-9.67045,0.89894
103.184,-2.38356,-9.49338,1.22583
103.286,-2.42442,-8.96219,0.83084
103.384,-2.47890,-9.60235,0.76274
103.486,-2.53338,-9.03029,0.62654
103.584,-1.86599,-9.77941,0.98067
103.684,-2.71045,-9.34356,1.08963
103.787,-2.91475,-8.78512,1.02153
103.884,-1.87961,-9.76579,1.08963
103.986,-1.47100,-9.52062,1.18497
104.084,-2.94200,-9.12563,0.83084
104.184,-2.09753,-9.30270,1.03515
104.285,-3.06458,-8.47186,0.80360
104.385,-2.17926,-9.92923,0.99429
104.487,-2.76493,-9.60235,1.40290
104.585,-2.24736,-9.11201,0.24517
104.687,-2.35632,-10.24250,1.08963
104.785,-2.43804,-10.78732,1.52548
104.887,-3.03734,-9.28908,0.80360
104.985,-2.28822,-9.03029,0.58567
105.086,-2.08391,-9.60235,1.06239
105.194,-2.27460,-9.22098,0.70826
105.285,-2.72407,-10.59663,0.96704
105.388,-2.84665,-10.37871,0.98067
105.487,-2.12477,-9.97009,1.02153
105.586,-2.27460,-9.38442,0.73550
105.688,-1.77065,-10.26974,0.95342
105.788,-2.15201,-9.95647,1.00791
105.886,-1.59358,-10.03820,0.73550
105.988,-1.43014,-10.25612,0.81722
106.086,-1.63444,-9.92923,0.50395
106.187,-1.70254,-10.11992,0.85808
106.287,-1.53910,-10.20164,0.61292
106.387,-0.85808,-10.16078,0.39499
106.491,-0.40861,-10.95076,0.93980
106.586,-0.74912,-10.09268,0.31327
106.689,-0.36775,-10.47405,0.47671
106.787,-0.05448,-10.73283,0.55843
106.887,-0.05448,-10.55577,0.44947
106.988,0.20431,-10.85542,0.80360
107.089,0.39499,-10.66473,0.44947
107.211,1.17135,-10.44681,0.35413
107.287,1.11687,-10.44681,0.38137
107.387,0.72188,-10.37871,0.08172
107.487,1.60720,-10.03820,0.16344
107.591,1.72978,-10.47405,0.39499
107.687,1.79789,-10.28336,0.21793
107.788,2.12477,-10.01096,0.21793
107.888,2.45166,-10.37871,0.05448
107.988,2.09753,-9.64321,-0.39499
108.088,3.20078,-9.77941,-0.06810
108.189,3.06458,-9.32994,0.08172
108.288,2.86027,-9.27546,0.04086
108.389,3.35061,-9.28908,-0.04086
108.488,3.11906,-9.52062,-0.28603
108.590,3.80008,-9.30270,-0.28603
108.690,3.90904,-9.08477,-0.36775
108.788,3.52767,-9.04391,-0.21793
108.893,4.12697,-9.19374,-0.35413
108.988,3.82732,-9.31632,-0.38137
109.090,4.22231,-8.97581,-0.27241
109.203,4.33127,-8.83961,-0.13620
109.289,4.44023,-9.23460,-0.24517
109.392,4.64454,-9.12563,-0.31327
109.491,4.30403,-8.88047,-0.42223
109.589,4.30403,-9.43890,-0.54481
109.690,4.41299,-9.19374,-0.40861
109.791,4.50834,-9.28908,-0.54481
109.889,4.50834,-9.03029,-0.19068
109.989,4.22231,-8.58082,-0.21793
110.089,4.18145,-8.49910,-0.85808
110.190,4.67178,-9.56148,-0.23155
110.291,4.38575,-9.11201,-0.21793
110.390,3.89542,-10.18802,0.47671
110.492,4.44023,-9.56148,-0.12258
110.590,4.73988,-9.60235,-0.02724
110.692,4.48109,-9.65683,-0.14982
110.790,4.50834,-8.93495,-0.14982
110.892,4.73988,-9.73855,-0.02724
110.990,4.31765,-9.12563,-0.44947
111.091,4.60368,-8.60806,-0.40861
111.208,4.64454,-8.73064,-0.68102
111.295,4.45385,-8.97581,-0.43585
111.391,4.60368,-9.84751,-0.05448
111.493,4.26317,-9.90199,0.24517
111.591,4.50834,-9.76579,0.12258
111.693,4.68540,-9.38442,-0.06810
111.791,4.97143,-9.37080,-0.21793
111.891,4.88970,-9.28908,-0.42223
111.994,4.54920,-9.57510,-0.14982
112.092,4.11335,-9.08477,-0.49033
112.192,4.26317,-8.73064,-0.31327
112.293,4.57644,-8.47186,-0.61292
112.393,4.31765,-8.98943,-0.35413
112.493,4.39937,-8.98943,-0.38137
112.593,4.45385,-9.52062,-0.19068
112.694,4.30403,-9.07115,-0.38137
112.795,4.45385,-9.54786,-0.31327
112.893,4.03162,-9.71131,-0.08172
112.995,4.54920,-9.00305,-0.43585
113.093,4.42661,-8.98943,-0.40861
113.194,4.86246,-9.61597,-0.12258
113.296,4.63092,-9.31632,-0.55843
113.398,4.41299,-9.08477,-0.62654
113.494,4.73988,-9.31632,-0.09534
113.596,4.65816,-9.11201,-0.10896
113.694,4.69902,-9.19374,-0.14982
113.795,4.24955,-9.52062,-0.04086
113.894,4.33127,-8.83961,-0.46309
113.997,4.46747,-8.70340,-0.28603
114.094,4.48109,-8.97581,-0.80360
114.194,4.50834,-8.81236,-1.28031
114.296,4.67178,-9.12563,-0.36775
114.394,4.86246,-9.24822,-0.32689
114.495,4.34489,-8.93495,-0.61292
114.594,4.50834,-8.90771,-0.70826
114.694,4.52196,-8.96219,-0.99429
114.795,4.50834,-8.94857,-0.36775
114.896,4.44023,-9.04391,0.02724
114.995,4.59006,-8.73064,-0.87170
115.097,4.84884,-8.82598,-0.54481
115.210,4.57644,-9.32994,-0.25879
115.295,4.60368,-9.38442,-0.65378
115.395,4.93057,-8.60806,-1.06239
115.498,4.95781,-9.19374,-0.95342
115.596,4.95781,-9.31632,-0.83084
115.696,5.18935,-8.79874,-1.11687
115.799,5.39366,-8.93495,-0.88532
115.896,4.57644,-8.71702,-0.65378
115.999,4.79436,-10.11992,-0.32689
116.097,4.60368,-8.53996,-0.77636
116.198,4.86246,-9.65683,-0.29965
116.300,3.75922,-9.03029,-0.40861
116.398,4.68540,-9.24822,-0.91256
116.500,5.32556,-9.90199,-0.38137
116.598,4.50834,-8.74426,-0.55843
116.699,4.50834,-8.60806,-1.13049
116.815,4.99867,-8.56720,-1.08963
116.899,4.53558,-10.02458,-0.27241
116.999,4.63092,-9.83389,-0.06810
117.101,4.05886,-8.64892,-0.78998
117.216,4.05886,-8.41737,-0.76274
117.299,4.53558,-9.38442,-0.61292
117.399,5.18935,-8.86685,-0.49033
117.500,4.03162,-9.42528,-0.57205
117.602,5.31194,-9.54786,-0.14982
117.700,4.56282,-9.52062,-0.19068
117.801,4.05886,-8.53996,-0.54481
117.899,4.22231,-8.81236,-0.55843
118.000,4.22231,-9.01667,-0.58567
118.101,4.73988,-9.50700,-0.38137
118.202,4.45385,-8.90771,-0.44947
118.303,4.14059,-9.28908,-0.06810
118.402,4.16783,-8.53996,-0.92618
118.503,5.01229,-10.01096,0.31327
118.602,4.57644,-9.15287,-0.40861
118.705,3.59577,-8.93495,-0.40861
118.803,5.21659,-7.76360,-1.41652
118.905,4.18145,-8.98943,-0.70826
119.003,3.30974,-8.77150,-0.91256
119.106,4.03162,-9.09839,-0.06810
119.205,4.93057,-9.22098,-0.38137
119.304,4.14059,-9.19374,-0.32689
119.405,4.41299,-8.81236,-0.46309
119.506,4.68540,-9.01667,-0.49033
119.604,4.33127,-9.41166,-0.27241
119.706,4.54920,-9.12563,-0.19068
119.804,4.37213,-9.52062,0.02724
119.905,4.44023,-8.63530,-0.73550
120.004,4.33127,-9.23460,-0.29965
120.105,4.38575,-8.97581,-0.34051
120.231,4.52196,-9.03029,-0.49033
120.305,3.63663,-8.90771,-0.92618
120.406,4.87608,-9.86113,0.05448
120.505,4.11335,-8.53996,-0.53119
120.607,3.59577,-8.88047,-0.85808
120.708,4.57644,-9.03029,-0.66740
120.805,4.63092,-9.08477,-0.13620
120.907,4.44023,-8.44462,-0.54481
121.006,3.71835,-9.12563,-0.23155
121.108,4.93057,-9.20736,-0.40861
121.220,4.24955,-9.41166,-0.40861
121.306,4.57644,-8.71702,-0.62654
121.406,4.44023,-9.28908,-0.29965
121.506,4.42661,-9.16649,-0.35413
121.607,4.76712,-9.38442,-0.24517
121.706,4.42661,-8.60806,-0.61292
121.809,3.74560,-8.52634,-0.74912
121.907,4.54920,-9.16649,-0.43585
122.008,4.56282,-9.41166,-0.23155
122.106,4.53558,-9.23460,-0.14982
122.207,4.60368,-9.00305,0.04086
122.307,4.67178,-9.01667,-0.20431
122.406,4.73988,-9.12563,-0.01362
122.507,4.56282,-8.79874,-0.38137
122.608,4.48109,-8.28117,-1.29393
122.707,4.42661,-9.62959,-0.21793
122.809,4.83522,-8.98943,-0.21793
122.909,3.90904,-8.71702,-0.23155
123.007,4.31765,-8.58082,-0.76274
123.109,5.06677,-9.64321,0.01362
123.225,4.65816,-9.13925,-0.09534
123.307,4.00438,-9.19374,-0.10896
123.408,4.54920,-8.89409,-0.69464
123.507,4.50834,-9.52062,0.14982
123.608,4.65816,-8.70340,-0.36775
123.707,4.19507,-8.78512,-0.57205
123.811,4.94419,-8.68978,-0.54481
123.909,4.82160,-10.52853,0.73550
124.010,4.69902,-8.86685,-0.66740
124.109,4.24955,-8.74426,-0.42223
124.210,4.86246,-8.39013,-0.80360
124.311,4.57644,-10.25612,0.40861
124.409,4.34489,-9.05753,-0.34051
124.512,3.85456,-8.88047,-0.55843
124.612,4.99867,-9.28908,0.04086
124.710,5.08039,-9.50700,0.05448
124.809,3.93628,-9.42528,-0.05448
124.910,4.67178,-9.05753,-0.31327
125.010,4.20869,-8.53996,-1.06239
125.112,4.41299,-8.39013,-0.64016
125.234,4.31765,-8.73064,-0.58567
125.310,4.56282,-8.82598,-0.70826
125.410,4.83522,-9.67045,-0.24517
125.511,4.73988,-8.48548,-0.44947
125.610,3.89542,-9.41166,-0.14982
125.714,5.31194,-9.41166,-0.28603
125.811,4.75350,-10.47405,0.43585
125.913,4.34489,-9.45252,-0.13620
126.010,3.99076,-9.07115,-0.25879
126.113,4.00438,-8.82598,-0.38137
126.211,5.40728,-9.13925,-0.20431
126.311,4.30403,-9.09839,-0.31327
126.411,4.29041,-9.15287,-0.08172
126.513,4.79436,-9.43890,-0.10896
126.611,4.39937,-9.19374,-0.24517
126.713,4.35851,-9.09839,-0.49033
126.811,4.19507,-9.12563,-0.40861
126.912,4.53558,-9.03029,-0.38137
127.012,4.34489,-9.08477,-0.23155
127.115,3.86818,-9.22098,-0.23155
127.242,3.77284,-8.77150,-0.36775
127.312,5.18935,-9.03029,-0.47671
127.414,5.12125,-9.18011,0.05448
127.512,4.42661,-8.82598,-0.46309
127.614,4.45385,-9.54786,-0.16344
127.714,5.44814,-9.88837,0.19068
127.815,4.83522,-9.03029,-0.28603
127.918,4.08610,-9.07115,-0.38137
128.013,4.60368,-9.31632,-0.09534
128.115,4.08610,-8.70340,-0.38137
128.214,3.96352,-8.82598,-0.59930
128.314,4.26317,-9.83389,0.08172
128.413,4.53558,-9.18011,-0.32689
128.515,5.42090,-9.28908,0.31327
128.614,4.42661,-8.75788,-0.21793
128.716,3.96352,-9.01667,-0.31327
128.814,4.64454,-9.42528,-0.21793
128.915,4.54920,-9.67045,0.14982
129.016,4.69902,-8.77150,-0.02724
129.117,4.54920,-8.70340,-0.66740
129.215,5.14849,-10.06544,0.20431
129.316,4.52196,-8.98943,-0.19068
129.414,4.53558,-8.58082,-0.58567
129.516,4.59006,-8.58082,-0.74912
129.617,5.38004,-9.79303,0.08172
129.717,4.38575,-9.09839,0.14982
129.815,4.86246,-8.96219,0.14982
129.917,4.64454,-9.07115,-0.31327
130.015,4.31765,-9.41166,-0.14982
130.117,4.18145,-8.47186,-0.54481
130.218,3.73198,-7.89980,-0.76274
130.316,4.59006,-8.39013,-0.70826
130.418,4.12697,-9.43890,-0.19068
130.517,3.70473,-9.49338,-0.24517
130.616,3.18716,-8.77150,-0.10896
130.718,4.08610,-8.44462,-0.47671
130.816,4.00438,-9.24822,-0.19068
130.917,3.35061,-8.90771,-0.39499
131.016,3.51405,-8.75788,-0.09534
131.117,4.12697,-10.05182,0.74912
131.250,2.80579,-9.39804,0.19068
131.316,3.10544,-8.79874,-0.10896
131.417,3.30974,-9.57510,0.19068
131.516,3.35061,-9.19374,-0.21793
131.617,2.80579,-9.57510,0.38137
131.721,1.94771,-8.93495,-0.24517
131.817,2.47890,-9.22098,-0.09534
131.921,2.38356,-9.04391,-0.09534
132.019,1.64806,-9.19374,0.29965
132.121,1.70254,-9.54786,0.13620
132.240,2.38356,-9.76579,0.61292
132.320,1.55272,-9.57510,0.40861
132.420,1.49824,-9.39804,0.23155
132.520,1.40290,-9.04391,0.04086
132.622,0.84446,-9.54786,0.73550
132.724,1.15773,-9.88837,0.59930
132.822,1.22583,-9.56148,0.53119
132.924,0.44947,-9.84751,0.81722
133.022,0.50395,-9.38442,0.73550
133.123,-0.25879,-9.54786,0.64016
133.222,0.65378,-9.12563,0.44947
133.325,0.20431,-9.76579,0.72188
133.422,-0.02724,-9.31632,0.61292
133.522,0.20431,-9.69769,0.40861
133.624,-0.46309,-9.99734,0.13620
133.722,-0.47671,-9.94285,0.66740
133.823,-0.28603,-9.71131,1.22583
133.922,-1.14411,-8.90771,0.62654
134.024,-1.18497,-8.34927,0.40861
134.123,-0.38137,-9.42528,0.89894
134.223,-1.38928,-9.16649,0.91256
134.323,-2.07029,-9.19374,1.04877
134.424,-1.10325,-8.75788,1.11687
134.523,-1.77065,-8.77150,0.83084
134.623,-2.69683,-8.60806,0.98067
134.725,-1.52548,-8.48548,1.08963
134.823,-2.19288,-9.43890,1.25307
134.924,-2.53338,-8.77150,0.93980
135.023,-3.03734,-9.12563,0.96704
135.123,-3.17354,-8.74426,1.15773
135.225,-2.86027,-8.60806,1.22583
135.325,-2.69683,-8.39013,1.11687
135.424,-3.35061,-8.83961,1.37566
135.524,-3.22802,-8.34927,1.26669
135.626,-3.94990,-8.53996,1.37566
135.724,-3.86818,-8.25393,1.45738
135.824,-3.50043,-7.85894,0.73550
135.924,-2.91475,-7.31413,0.43585
136.024,-3.82732,-7.94066,0.73550
136.124,-4.41299,-7.40947,1.07601
136.226,-4.27679,-7.70912,1.23945
136.327,-4.18145,-7.09620,1.32117
136.424,-3.92266,-8.18583,1.60720
136.525,-4.80798,-7.79084,1.97495
136.625,-4.95781,-8.17221,1.94771
136.728,-5.57072,-7.50481,1.62082
136.825,-5.46176,-7.09620,1.19859
136.925,-5.31194,-7.12344,1.55272
137.030,-6.31984,-7.47757,1.60720
137.125,-6.02019,-6.74207,1.62082
137.225,-5.77503,-7.09620,1.52548
137.328,-5.16211,-6.08830,1.26669
137.426,-5.81589,-6.90552,2.17926
137.525,-5.99295,-7.31413,1.90685
137.628,-5.40728,-7.50481,1.96133
137.726,-6.19726,-6.72845,1.81151
137.828,-5.87037,-6.74207,1.62082
137.926,-5.76141,-6.78293,1.57996
138.026,-5.92485,-6.94638,1.77065
138.126,-5.81589,-7.19154,1.70254
138.258,-5.50262,-7.54567,1.60720
138.326,-5.65244,-7.28689,1.57996
138.428,-5.38004,-7.12344,1.70254
138.526,-5.77503,-6.94638,1.47100
138.629,-4.99867,-6.96000,1.93409
138.726,-5.51624,-6.76931,1.67530
138.829,-5.24383,-7.10982,1.93409
138.927,-4.45385,-6.74207,1.82513
139.029,-4.68540,-7.80446,2.04305
139.127,-4.53558,-7.36861,2.30184
139.227,-4.48109,-7.38223,2.41080
139.327,-4.83522,-7.39585,2.76493
139.430,-4.20869,-7.89980,2.57425
139.527,-4.01800,-8.51272,2.62873
139.629,-4.12697,-7.68188,3.47319
139.728,-3.60939,-8.14497,3.48681
139.827,-4.60368,-7.47757,3.44595
139.929,-3.63663,-7.57291,3.67749
140.030,-3.37785,-7.89980,4.23593
140.127,-2.46528,-8.89409,4.20869
140.228,-2.95562,-7.83170,4.27679
140.328,-1.45738,-8.02238,3.86818
140.428,-2.47890,-7.31413,2.98286
140.528,-2.65597,-7.24603,3.44595
140.629,-2.02943,-8.93495,4.82160
140.728,2.12477,-7.84532,2.31546
140.830,-1.66168,-9.75217,4.67178
140.929,-3.60939,-10.70559,4.99867
141.030,-2.08391,-10.18802,6.19726
141.131,-1.79789,-11.89056,2.64235
141.253,-2.64235,-11.72712,4.86246
141.328,-4.95781,-12.43538,5.48900
141.429,-3.94990,-10.96438,5.13487
141.530,-1.52548,-10.11992,3.80008
141.629,-3.14630,-14.02896,5.48900
141.730,-5.73417,-12.19021,4.30403
141.829,-6.23812,-12.31279,4.48109
141.931,-2.87389,-14.35585,6.37432
142.031,-4.11335,-16.03115,5.38004
142.132,-7.32775,-12.36728,4.69902
142.252,-7.23240,-13.11639,3.15992
142.335,-2.53338,-16.22183,6.49691
142.437,-5.99295,-16.67130,6.60587
142.530,-5.88399,-12.65330,2.50614
142.634,-2.12477,-17.61111,4.14059
142.730,-5.13487,-11.41385,1.17135
142.833,-3.75922,-15.48634,3.26888
142.931,-8.63530,-10.55577,2.54700
143.031,-5.80227,-15.28203,2.62873
143.132,-3.86818,-18.40109,4.41299
143.233,-4.03162,-15.60892,1.17135
143.331,-3.25526,-16.38528,3.25526
143.432,-5.39366,-18.36023,3.63663
143.533,-4.76712,-18.18316,4.60368
143.631,-4.12697,-16.86199,0.40861
143.731,-1.78427,-18.72798,4.91695
143.832,-2.95562,-16.19459,2.68321
143.934,-3.62301,-18.31937,4.86246
144.034,-10.47405,-16.42614,-0.34051
144.132,-9.50700,-17.37956,7.58653
144.232,-6.07468,-15.64978,0.01362
144.333,-5.47538,-18.55091,4.07248
144.432,-8.96219,-18.00610,1.23945
144.533,0.05448,-18.60539,4.86246
144.632,-1.32117,-18.74160,10.81456
144.733,-5.54348,-19.32727,9.22098
144.834,-7.94066,-14.11068,2.07029
144.932,-1.07601,-16.94371,3.44595
145.032,-6.96000,-16.90285,2.47890
145.132,-3.06458,-13.83827,5.87037
145.233,-9.00305,-18.06058,7.38223
145.333,-7.19154,-17.81541,4.98505
145.432,-7.91342,-17.25698,8.09049
145.535,-3.17354,-17.70645,2.30184
145.633,-6.89190,-16.43976,1.96133
145.732,-5.38004,-8.02238,-4.05886
145.833,-6.23812,-14.73722,2.38356
145.933,-7.35499,-18.46919,0.05448
146.034,-5.42090,-17.14802,2.64235
146.133,-5.40728,-18.06058,3.71835
146.270,-0.92618,-8.85323,-3.85456
146.333,-2.11115,-14.85980,4.57644
146.435,4.16783,-14.57377,4.64454
146.533,-4.24955,-16.00391,3.06458
146.634,-7.20516,-11.64540,6.48329
146.733,-6.89190,-12.66692,3.26888
146.837,-4.67178,-8.51272,4.00438
146.934,-1.29393,-8.82598,4.27679
147.034,-6.22450,-5.28470,2.58787
147.134,-3.52767,-5.44814,0.66740
147.234,-7.65464,-3.82732,-2.41080
147.335,-6.68759,-2.46528,-3.47319
147.436,-6.55139,-2.28822,-4.54920
147.534,-6.44242,-1.55272,-4.04524
147.635,-6.36070,-5.09401,-9.03029
147.734,-5.32556,-3.65025,-10.24250
147.837,-5.95209,-4.64454,-3.92266
147.937,-6.74207,-4.23593,-2.54700
148.034,-7.21878,-4.87608,-4.79436
148.137,-8.58082,-8.24031,-3.35061
148.274,-6.91914,-7.81808,-2.64235
148.335,-9.92923,-2.08391,-4.34489
148.435,-6.60587,-7.79084,-2.43804
148.535,-3.56853,-7.96790,-1.29393
148.649,-7.28689,-8.74426,-1.89323
148.735,-5.77503,-10.05182,-2.53338
148.837,-4.64454,-10.16078,0.38137
148.935,-6.23812,-11.33213,-0.80360
149.035,-2.30184,-17.78817,3.28250
149.135,-5.63882,-14.19240,2.92837
149.236,-3.41871,-16.76665,2.66959
149.338,-7.69550,-18.48281,2.39718
149.438,-3.90904,-15.97667,1.41652
149.537,-8.79874,-16.39890,1.49824
149.638,-1.68892,-18.74160,1.04877
149.737,-4.72626,-19.04125,3.33699
149.840,-3.94990,-19.34089,6.86466
149.937,-2.73769,-17.92438,3.47319
150.039,-1.67530,-18.63264,3.47319
150.137,1.06239,-19.02763,8.39013
150.237,1.06239,-16.42614,3.30974
150.338,-6.98724,-18.79608,2.57425
150.440,-1.08963,-18.86418,4.67178
150.538,-3.96352,-19.35451,6.78293
150.642,-4.93057,-17.89714,6.79655
150.738,-6.60587,-19.12297,5.78865
150.838,-6.74207,-19.47710,3.07820
150.941,-8.49910,-19.50434,8.82598
151.038,-1.60720,-17.92438,3.70473
151.139,-2.05667,-19.12297,5.35280
151.249,-13.19812,-15.90857,2.86027
151.338,-6.94638,-17.96524,2.92837
151.439,-3.51405,-18.16954,2.43804
151.540,-2.64235,-16.43976,3.01010
151.639,-4.42661,-12.96657,0.76274
151.739,-5.61158,-5.10763,-0.44947
151.839,-1.06239,-10.62387,1.40290
151.943,-6.30622,-16.03115,2.57425
152.039,-3.67749,-10.37871,-1.53910
152.141,-3.25526,-8.03601,-2.91475
152.248,-0.25879,-10.02458,-2.09753
152.339,-4.67178,-7.47757,-3.26888
152.442,-2.35632,-10.80094,-3.35061
152.541,-2.00219,-6.14278,-3.90904
152.641,-4.65816,-4.90333,-1.38928
152.741,-5.65244,-4.22231,-0.92618
152.840,-2.46528,-6.53777,0.85808
152.940,-4.99867,-4.35851,1.53910
153.041,-5.36642,-2.13839,-0.74912
153.144,-4.95781,-1.60720,-0.27241
153.241,-4.53558,-0.50395,2.73769
153.342,-4.53558,-0.50395,3.73198
153.441,-4.46747,-0.54481,1.98857
153.541,-3.96352,-1.70254,4.29041
153.641,-4.24955,-2.36994,2.62873
153.741,-2.86027,-1.21221,3.15992
153.841,-3.02372,-0.59930,3.18716
153.944,-4.08610,-1.94771,4.56282
154.042,-3.17354,-4.34489,4.76712
154.141,-1.75702,-6.19726,5.82951
154.241,-3.01010,-4.03162,5.35280
154.342,-2.00219,-5.80227,2.83303
154.453,-5.05315,-5.66606,2.88751
154.542,-6.60587,-11.89056,3.67749
154.643,-2.73769,-8.45824,2.90113
154.742,-3.81370,-11.18231,2.11115
154.843,-2.50614,-15.58168,7.32775
154.942,-2.66959,-15.93581,7.55929
155.042,-3.80008,-17.48853,3.29612
155.144,-4.31765,-13.53863,2.28822
155.271,-6.75569,-17.72007,7.81808
155.343,-5.89761,-17.10716,3.44595
155.445,-6.07468,-17.61111,1.85237
155.543,-2.60149,-17.61111,3.96352
155.644,-2.76493,-18.25127,5.23021
155.743,-6.48329,-19.20469,6.27898
155.845,-1.96133,-19.47710,5.32556
155.944,1.47100,-16.97095,3.55491
156.045,-6.40156,-18.89142,10.09268
156.145,-3.67749,-19.39537,6.29260
156.246,-7.99514,-15.11859,-0.47671
156.344,-3.58215,-18.97314,8.40375
156.446,1.13049,-19.38175,7.91342
156.544,-4.24955,-15.54082,0.50395
156.646,-5.81589,-18.48281,4.76712
156.745,-7.31413,-14.46481,-1.63444
156.844,-4.03162,-18.25127,1.02153
156.944,-7.40947,-18.70074,4.39937
157.045,-5.18935,-15.86771,-0.21793
157.145,-2.45166,-17.51577,2.75131
157.245,1.40290,-15.32289,3.75922
157.345,-2.51976,-18.48281,5.21659
157.445,-3.89542,-17.86990,1.77065
157.549,-3.92266,-17.95162,-0.80360
157.645,-5.21659,-16.99819,0.64016
157.747,-6.36070,-17.99248,2.42442
157.845,5.28470,-14.15154,-2.92837
157.948,-10.50129,-17.84266,-1.96133
158.046,-8.86685,-19.10935,2.54700
158.148,-13.75655,-19.47710,1.78427
158.251,-11.18231,-14.84618,0.62654
158.346,-12.73503,-16.56234,5.87037
158.448,-16.58958,-16.26270,5.61158
158.546,-12.92571,-10.78732,0.29965
158.646,-8.90771,-8.73064,4.75350
158.746,-12.44900,-7.96790,4.12697
158.849,-11.15506,-8.44462,4.99867
158.949,-9.57510,-6.74207,2.99648
159.049,-9.12563,-5.48900,3.77284
159.148,-6.63311,-4.64454,3.44595
159.268,-5.96571,-4.63092,2.15201
159.348,-4.64454,-9.76579,5.08039
159.448,-7.45033,-7.89980,2.31546
159.549,-1.64806,-9.56148,4.87608
159.649,-6.02019,-8.36289,2.49252
159.750,-3.77284,-12.06763,3.52767
159.849,-5.57072,-10.29698,3.05096
159.949,-3.92266,-13.96086,4.12697
160.049,-1.45738,-15.45910,3.82732
160.149,-3.63663,-17.39318,8.43099
160.250,-4.50834,-14.49205,1.57996
160.350,-3.14630,-14.77808,1.92047
160.450,-6.06105,-16.80751,1.81151
160.549,-8.24031,-15.45910,1.86599
160.649,-2.56063,-16.90285,2.05667
160.750,-4.46747,-19.15021,4.52196
160.849,-8.41737,-18.95952,4.88970
160.949,-3.14630,-19.17745,6.83741
161.050,-0.89894,-18.40109,8.36289
161.153,-2.80579,-19.35451,6.06105
161.288,-8.18583,-18.63264,1.28031
161.350,-10.41957,-18.31937,0.35413
161.452,-11.29127,-19.36813,4.41299
161.551,-9.20736,-18.37385,-0.96704
161.650,-8.49910,-13.23898,-2.04305
161.751,-0.40861,-15.13221,-0.21793
161.852,-7.00086,-16.87561,-0.65378
161.952,-7.15068,-16.72579,-1.33479
162.051,-5.80227,-10.37871,-0.09534
162.154,-4.75350,-14.54653,-0.80360
162.254,-1.26669,-13.63397,-0.12258
162.353,-2.32908,-18.06058,7.53205
162.454,0.02724,-18.36023,6.27898
162.553,-0.31327,-17.95162,12.48986
162.653,-6.44242,-16.68493,10.62387
162.771,-11.94504,-13.89275,11.49557
162.853,-8.68978,-17.85628,6.70121
162.953,-10.22888,-16.82113,7.99514
163.054,-16.01753,-11.63178,10.37871
163.154,-10.56939,-9.95647,4.76712
163.255,-11.65902,-6.97362,1.49824
163.354,-12.68054,-9.80665,0.91256
163.456,-6.96000,-9.68407,2.32908
163.554,-7.64102,-11.12782,-1.70254
163.654,-7.64102,-14.83256,-1.74340
163.754,-11.18231,-12.59882,-2.90113
163.854,-8.70340,-16.23545,0.02724
163.955,-2.26098,-16.57596,6.21088
164.055,-7.65464,-16.90285,5.09401
164.155,-5.44814,-16.80751,4.24955
164.282,-6.53777,-17.39318,4.27679
164.355,-10.66473,-18.85056,4.79436
164.459,-3.28250,-17.91076,5.31194
164.555,-9.86113,-18.22403,5.21659
164.655,-9.24822,-19.35451,3.99076
164.756,-11.03248,-18.86418,5.01229
164.855,-7.54567,-19.17745,4.69902
164.960,-5.01229,-13.86551,1.74340
165.056,-1.56634,-15.56806,6.45604
165.155,-13.08915,-18.14230,0.73550
165.255,-6.96000,-10.48767,-1.18497
165.356,-1.18497,-13.63397,-0.70826
165.456,-6.15640,-10.61025,1.32117
165.556,-4.93057,-13.72931,3.24164
165.656,-3.96352,-11.74074,3.22802
165.767,0.20431,-8.73064,0.59930
165.856,-3.17354,-7.70912,1.30755
165.957,-1.53910,-10.54215,1.53910
166.057,-2.35632,-5.38004,1.68892
166.157,-2.73769,-3.33699,-0.98067
166.291,-4.15421,-3.78646,-0.09534
166.356,-2.13839,-2.42442,-0.61292
166.457,-1.79789,0.01362,0.74912
166.557,-3.11906,-0.83084,0.59930
166.657,-2.64235,3.21440,1.03515
166.757,-3.39147,3.52767,-0.34051
166.860,-1.72978,3.82732,-0.10896
166.957,-4.23593,4.14059,0.24517
167.059,-1.89323,3.21440,-0.40861
167.157,-2.27460,4.16783,-1.34841
167.257,-4.53558,5.39366,-2.77855
167.359,-6.27898,4.88970,3.77284
167.458,-4.34489,5.33918,0.91256
167.558,-3.63663,3.44595,0.50395
167.660,-3.37785,5.48900,-1.13049
167.758,-7.28689,7.50481,0.14982
167.858,-4.14059,6.44242,1.57996
167.959,-3.66387,8.62168,0.23155
168.059,-4.20869,6.49691,3.92266
168.158,-2.50614,11.18231,1.14411
168.258,-1.23945,11.33213,0.36775
168.358,-3.22802,13.59311,0.36775
168.458,-2.64235,15.73150,2.12477
168.558,-2.28822,17.70645,0.93980
168.658,2.24736,17.22974,-0.34051
168.758,2.27460,18.95952,-0.54481
168.858,-2.41080,19.35451,1.92047
168.959,1.08963,18.41471,2.83303
169.061,1.08963,19.39537,-0.65378
169.159,3.59577,19.50434,5.31194
169.259,5.27107,19.53158,9.42528
169.359,6.90552,19.53158,2.57425
169.459,8.90771,19.53158,1.57996
169.559,6.10192,19.53158,3.09182
169.659,8.18583,19.53158,2.58787
169.762,6.06105,19.53158,0.19068
169.860,8.64892,19.53158,6.45604
169.960,2.05667,19.53158,7.99514
170.061,1.68892,19.53158,10.54215
170.160,9.80665,19.53158,5.05315
170.261,3.70473,18.63264,-8.53996
170.361,4.29041,19.31365,4.93057
170.461,2.23374,19.50434,-1.37566
170.560,7.99514,19.53158,6.53777
170.661,5.09401,19.53158,1.26669
170.763,8.73064,19.53158,3.25526
170.864,11.34575,19.53158,0.57205
170.961,7.23240,19.53158,-1.32117
171.065,4.93057,19.53158,8.06325
171.161,10.80094,19.53158,-4.84884
171.261,0.99429,19.53158,6.87828
171.364,6.96000,19.53158,3.21440
171.461,0.66740,19.53158,5.99295
171.566,-0.57205,19.53158,8.34927
171.664,6.55139,19.53158,0.70826
171.765,6.08830,19.53158,1.63444
171.864,11.27765,19.53158,-2.07029
171.964,-4.12697,19.53158,3.89542
172.085,-1.96133,19.53158,9.47976
172.164,0.17706,19.53158,2.47890
172.265,-2.84665,19.53158,3.69111
172.365,-3.67749,18.49643,5.32556
172.464,-2.23374,16.58958,3.07820
172.565,-5.12125,14.90066,7.94066
172.664,-0.99429,14.11068,0.27241
172.768,-1.02153,4.60368,0.62654
172.866,-2.73769,-0.38137,0.09534
172.968,-2.09753,0.57205,0.57205
173.066,-4.18145,-0.57205,-0.88532
173.167,-6.15640,-3.13268,-1.55272
173.273,-2.49252,-8.78512,-0.35413
173.366,-1.03515,-9.68407,0.42223
173.468,-5.44814,-11.50919,1.48462
173.570,-2.96924,-11.67264,1.93409
173.668,-7.00086,-14.02896,1.44376
173.775,-4.19507,-14.80532,-2.56063
173.873,-5.51624,-15.66340,-0.99429
173.970,-6.74207,-18.56453,0.49033
174.070,-6.60587,-18.97314,-0.40861
174.175,-5.03953,-19.09573,4.03162
174.307,-3.85456,-18.89142,2.19288
174.370,-9.22098,-18.85056,1.25307
174.471,-6.57863,-19.35451,3.37785
174.571,-9.38442,-15.35013,-0.31327
174.671,-7.31413,-18.48281,3.70473
174.773,-5.42090,-19.39537,4.95781
174.871,-5.89761,-16.67130,6.25174
174.973,-6.79655,-16.86199,7.68188
175.071,-4.93057,-15.63616,3.40509
175.173,-3.58215,-13.34794,1.41652
175.272,-3.54129,-12.50348,6.25174
175.374,-3.43233,-6.04743,1.15773
175.472,2.15201,-7.19154,0.28603
175.572,3.06458,-7.10982,-1.25307
175.672,-1.92047,-5.61158,-3.30974
175.774,-2.94200,-4.91695,-6.11554
175.873,0.70826,-8.28117,-6.11554
175.973,-6.60587,-3.99076,-6.66035
176.073,-7.02810,-4.64454,-7.12344
176.173,-5.12125,-2.99648,-5.38004
176.273,-6.44242,-3.56853,-5.66606
176.374,-8.47186,0.73550,-4.83522
176.473,-9.67045,2.73769,-3.33699
176.573,-4.90333,0.76274,-10.89628
176.673,-5.10763,-2.99648,-7.70912
176.775,-5.18935,-3.05096,-8.89409
176.873,-4.84884,-3.56853,-13.25260
176.974,-3.55491,-6.41518,-10.77369
177.073,-3.22802,-10.05182,-9.76579
177.175,-3.74560,-11.44109,-8.22669
177.275,-5.42090,-11.23679,-7.81808
177.374,-6.83741,-13.17088,-4.50834
177.474,-3.59577,-15.32289,-0.01362
177.575,-5.76141,-14.05620,-0.96704
177.674,-5.25745,-15.00962,-0.16344
177.774,-3.02372,-11.82246,-0.19068
177.874,-4.73988,-11.90418,2.02943
177.974,-4.73988,-13.40242,-1.19859
178.074,-0.66740,-13.83827,-0.89894
178.174,-3.93628,-17.96524,-1.25307
178.274,-4.27679,-18.93228,-0.77636
178.378,-7.55929,-17.57025,-4.12697
178.476,-6.06105,-19.04125,-0.24517
178.579,-6.51053,-19.46348,-3.17354
178.677,-7.21878,-19.50434,-0.43585
178.777,-15.02324,-19.51796,-1.33479
178.880,-16.38528,-19.46348,4.71264
178.977,-16.64407,-19.51796,-1.06239
179.077,-15.49996,-19.51796,5.08039
179.180,-12.29917,-18.57815,2.71045
179.281,-9.50700,-19.21831,-1.63444
179.378,-6.41518,-19.49072,6.12916
179.478,-11.83608,-19.51796,0.42223
179.578,-12.74865,-19.51796,0.53119
179.683,-13.63397,-19.51796,-1.74340
179.778,-10.35146,-19.51796,3.02372
179.881,-14.00172,-19.51796,-1.62082
179.981,-13.37518,-19.51796,1.56634
180.078,-13.77017,-19.51796,4.04524
180.179,-12.09487,-19.43624,-0.70826
180.281,-14.64187,-19.50434,1.44376
180.379,-13.79741,-19.32727,1.68892
180.481,-10.93714,-18.78246,1.77065
180.579,-9.71131,-18.37385,-3.21440
180.680,-6.87828,-19.06849,-1.56634
180.779,-12.06763,-18.33299,-3.28250
180.879,-9.34356,-18.08782,-1.89323
180.980,-8.70340,-12.57158,-3.18716
181.082,-8.98943,-15.56806,-0.06810
181.180,-9.27546,-14.34223,-2.57425
181.280,-5.05315,-10.86904,-0.40861
181.380,-6.22450,-9.64321,-1.34841
181.481,-4.03162,-7.54567,0.93980
181.580,-3.84094,-12.61244,0.91256
181.680,-5.35280,-13.77017,-0.19068
181.780,-6.15640,-18.07420,2.68321
181.883,-5.92485,-19.35451,3.11906
181.980,-8.98943,-19.47710,2.58787
182.081,-3.35061,-19.51796,0.21793
182.181,-9.90199,-17.70645,4.95781
182.281,-5.48900,-9.08477,-2.47890
182.381,-0.55843,-4.11335,-0.96704
182.481,0.25879,1.96133,0.77636
182.581,0.89894,11.05972,-2.47890
182.682,0.46309,5.17573,1.85237
182.781,-1.63444,6.34708,1.47100
182.886,2.19288,-1.22583,0.20431
182.981,-3.73198,0.28603,-1.79789
183.083,-0.70826,-7.35499,-0.17706
183.182,-5.05315,-9.41166,-1.49824
183.282,-4.86246,-10.13354,-1.79789
183.384,-4.20869,-8.49910,-1.57996
183.485,-5.44814,-9.03029,-0.35413
183.582,-4.60368,-9.15287,0.66740
183.688,-4.15421,-9.28908,0.54481
183.783,-5.57072,-8.25393,0.21793
183.882,-5.57072,-9.67045,-0.35413
183.983,-6.56501,-8.25393,1.41652
184.082,-6.86466,-7.70912,2.04305
184.182,-7.85894,-7.84532,1.56634
184.283,-7.79084,-8.48548,0.47671
184.383,-8.28117,-8.32203,0.05448
184.483,-5.51624,-8.03601,0.29965
184.582,-4.53558,-8.36289,0.21793
184.684,-4.87608,-8.09049,0.72188
184.787,-2.77855,-8.55358,0.08172
184.883,-4.39937,-9.94285,0.93980
184.985,-10.70559,-8.25393,1.56634
185.083,-9.45252,-6.25174,0.40861
185.183,-11.79522,-5.35280,0.80360
185.286,-9.73855,-7.99514,-0.09534
185.383,-7.23240,-9.24822,0.05448
185.484,-6.25174,-8.15859,-0.09534
185.584,-4.19507,-8.51272,0.80360
185.684,-5.02591,-7.99514,1.28031
185.785,-4.48109,-8.98943,0.54481
185.884,-4.12697,-8.93495,0.08172
185.984,-4.03162,-8.79874,-0.66740
186.086,-4.57644,-9.62959,0.59930
186.186,-5.14849,-8.60806,0.25879
186.320,-4.75350,-8.93495,0.47671
186.385,-4.30403,-9.65683,-0.20431
186.486,-3.85456,-8.06325,0.39499
186.585,-3.60939,-9.26184,0.14982
186.686,-4.08610,-9.23460,-0.09534
186.785,-2.66959,-8.82598,-0.10896
186.887,-3.13268,-9.34356,0.02724
186.985,-3.60939,-8.77150,0.12258
187.085,-3.50043,-9.54786,0.21793
187.185,-1.81151,-8.89409,-0.38137
187.285,-2.56063,-8.55358,0.43585
187.385,-3.06458,-9.01667,0.50395
187.489,-3.11906,-8.93495,-0.19068
187.585,-4.48109,-8.83961,1.17135
187.688,-2.69683,-8.62168,0.28603
187.786,-3.56853,-8.60806,-0.85808
187.886,-3.86818,-8.78512,0.31327
187.987,-3.70473,-8.25393,0.13620
188.097,-3.92266,-8.37651,0.17706
188.193,-3.50043,-8.55358,0.19068
188.286,-3.89542,-8.40375,-0.66740
188.386,-4.24955,-8.33565,0.12258
188.488,-3.67749,-7.88618,-0.21793
188.586,-3.28250,-8.21307,-1.02153
188.686,-4.08610,-8.03601,-0.10896
188.789,-4.18145,-8.03601,-0.57205
188.887,-4.12697,-8.21307,-0.27241
188.992,-3.99076,-7.87256,-0.76274
189.089,-4.07248,-7.61377,-0.69464
189.192,-3.94990,-8.58082,-0.83084
189.322,-4.18145,-8.47186,-0.13620
189.390,-4.07248,-8.19945,-0.98067
189.490,-4.07248,-8.48548,-1.08963
189.590,-4.22231,-8.56720,-1.32117
189.690,-4.05886,-8.83961,-2.09753
189.790,-5.12125,-9.75217,-0.70826
189.891,-5.89761,-9.05753,-1.60720
189.993,-4.80798,-10.18802,-1.34841
190.090,-5.43452,-9.08477,-1.33479
190.191,-4.08610,-8.77150,-3.05096
190.308,-5.46176,-9.09839,-2.50614
190.392,-3.82732,-11.84970,-0.73550
190.491,-3.89542,-12.21745,-1.71616
190.592,-6.51053,-12.02677,-1.71616
190.693,-4.91695,-12.89847,-1.29393
190.792,-4.97143,-12.76227,-1.11687
190.892,-4.39937,-11.83608,-1.92047
190.992,-4.29041,-11.31851,-2.65597
191.093,-4.31765,-12.93933,0.02724
191.192,-4.48109,-13.56587,-0.23155
191.330,-4.44023,-11.64540,-0.72188
191.392,-4.80798,-10.67835,-1.79789
191.494,-2.60149,-9.47976,0.35413
191.592,-2.61511,-9.92923,0.38137
191.692,-2.87389,-9.73855,-0.59930
191.792,-1.47100,-9.62959,0.46309
191.893,-2.66959,-7.65464,-0.76274
191.995,-2.34270,-8.32203,1.11687
192.093,-1.89323,-8.13135,-0.09534
192.195,-1.19859,-6.82379,0.61292
192.313,-2.00219,-6.86466,0.80360
192.393,-2.54700,-6.40156,0.01362
192.495,-1.96133,-7.17792,-0.14982
192.593,-3.67749,-7.30051,-0.21793
192.697,-1.45738,-7.91342,-0.59930
192.793,-2.24736,-9.77941,0.47671
192.896,-3.82732,-8.67616,0.57205
192.994,-3.92266,-8.86685,0.51757
193.094,-3.56853,-8.67616,-0.01362
193.194,-3.41871,-8.73064,0.57205
193.295,-3.40509,-9.65683,1.47100
193.395,-4.53558,-9.04391,0.70826
193.496,-4.05886,-8.51272,0.83084
193.594,-4.76712,-8.40375,1.41652
193.696,-6.17002,-7.89980,0.83084
193.796,-7.01448,-7.42309,0.23155
193.897,-5.87037,-7.89980,0.50395
193.995,-5.47538,-7.99514,0.50395
194.096,-6.22450,-8.06325,0.19068
194.195,-5.65244,-8.11773,0.14982
194.296,-5.97933,-8.47186,0.69464
194.395,-5.84313,-8.25393,0.54481
194.495,-5.40728,-8.02238,0.35413
194.597,-5.35280,-8.39013,0.57205
194.695,-4.80798,-9.00305,0.85808
194.800,-5.88399,-9.84751,1.06239
194.895,-5.38004,-8.53996,1.06239
194.998,-5.89761,-8.11773,0.53119
195.095,-5.18935,-8.40375,0.65378
195.198,-5.05315,-8.21307,0.64016
195.302,-5.35280,-8.44462,0.09534
195.396,-4.76712,-8.98943,0.31327
195.496,-4.42661,-8.52634,0.57205
195.598,-5.14849,-8.60806,0.35413
195.696,-4.79436,-8.55358,-0.04086
195.797,-4.86246,-8.93495,-0.13620
195.898,-4.61730,-8.73064,0.43585
195.997,-4.09972,-8.37651,0.43585
196.096,-4.82160,-8.00876,0.20431
196.199,-4.91695,-8.58082,0.14982
196.297,-4.49471,-8.77150,0.27241
196.397,-4.50834,-8.51272,0.50395
196.496,-4.69902,-8.58082,-0.09534
196.597,-4.50834,-8.78512,0.19068
196.715,-4.48109,-8.66254,0.42223
196.797,-4.42661,-8.83961,0.14982
196.899,-4.69902,-8.81236,-0.13620
196.997,-4.53558,-8.67616,0.02724
197.099,-4.67178,-8.90771,0.31327
197.200,-4.60368,-8.96219,-0.02724
197.297,-4.09972,-8.77150,-0.35413
197.400,-4.29041,-9.01667,0.21793
197.498,-4.49471,-8.64892,-0.14982
197.598,-4.39937,-8.66254,-0.16344
197.698,-4.39937,-8.85323,-0.23155
197.800,-4.29041,-8.85323,-0.14982
197.899,-4.37213,-8.77150,-0.34051
197.998,-4.19507,-8.90771,-0.12258
198.099,-3.97714,-8.94857,-0.47671
198.198,-3.80008,-8.94857,-0.24517
198.302,-3.84094,-9.08477,0.23155
198.398,-3.67749,-8.89409,-0.40861
198.501,-3.56853,-9.04391,-0.09534
198.599,-3.47319,-9.19374,0.24517
198.700,-3.59577,-9.03029,0.20431
198.799,-3.54129,-9.03029,0.28603
198.901,-3.70473,-9.03029,0.28603
198.999,-3.56853,-9.23460,0.21793
199.103,-3.48681,-9.08477,0.09534
199.213,-3.93628,-9.07115,0.31327
199.299,-3.25526,-9.19374,0.04086
199.400,-3.14630,-9.09839,0.19068
199.499,-3.67749,-9.15287,-0.02724
199.601,-3.48681,-9.08477,-0.17706
199.700,-3.58215,-9.31632,-0.12258
199.799,-3.40509,-9.27546,0.19068
199.902,-3.56853,-9.08477,0.01362
200.000,-3.37785,-8.89409,-0.12258
200.101,-0.73550,-5.17573,-1.82513
200.200,-0.43585,-8.73064,0.38137
200.301,-2.83303,-8.58082,1.32117
200.400,-3.25526,-8.75788,0.40861
200.502,-4.82160,-9.58873,0.42223
200.600,-4.23593,-9.15287,0.35413
200.702,-3.59577,-9.50700,0.21793
200.800,-3.35061,-9.13925,-0.04086
200.903,-2.99648,-9.15287,0.12258
201.001,-4.53558,-8.55358,0.31327
201.103,-4.61730,-7.25965,0.64016
201.201,-1.79789,-8.43099,0.39499
201.301,-4.27679,-8.75788,0.21793
201.401,-3.92266,-8.28117,-0.12258
201.503,-3.85456,-9.07115,0.54481
201.604,-3.37785,-9.08477,-0.05448
201.701,-3.01010,-9.00305,0.04086
201.802,-3.33699,-9.24822,0.09534
201.901,-3.73198,-9.22098,0.09534
202.002,-3.63663,-9.24822,0.14982
202.101,-3.25526,-9.32994,0.51757
202.203,-3.36423,-9.01667,0.44947
202.302,-2.95562,-7.46395,0.12258
202.404,-4.20869,-9.15287,0.35413
202.502,-3.25526,-9.15287,0.54481
202.604,-3.22802,-9.08477,0.89894
202.702,-3.56853,-9.22098,0.73550
202.805,-3.20078,-8.86685,0.64016
202.917,-3.50043,-8.53996,0.70826
203.002,-4.37213,-9.12563,0.96704
203.105,-3.24164,-8.28117,0.61292
203.202,-3.80008,-8.67616,0.76274
203.305,-3.55491,-8.92133,1.28031
203.405,-3.85456,-9.12563,1.11687
203.503,-3.73198,-8.98943,0.91256
203.606,-3.86818,-8.85323,1.03515
203.703,-2.07029,-8.96219,1.57996
203.805,-3.69111,-8.68978,1.32117
203.903,-4.29041,-8.93495,0.98067
204.004,-3.82732,-8.60806,1.10325
204.103,-2.83303,-8.48548,1.08963
204.203,-2.77855,-8.04963,0.91256
204.308,-2.16564,-8.18583,0.81722
204.406,-3.82732,-8.11773,0.72188
204.504,-3.77284,-8.79874,0.78998
204.608,-3.96352,-8.85323,0.99429
204.704,-3.85456,-8.93495,0.93980
204.806,-3.81370,-9.09839,1.06239
204.904,-4.42661,-8.47186,1.15773
205.005,-3.88180,-8.90771,1.21221
205.104,-3.94990,-8.66254,0.93980
205.206,-4.99867,-9.20736,1.06239
205.367,-4.31765,-8.82598,0.69464
205.405,-2.99648,-8.32203,0.99429
205.508,-3.99076,-8.81236,0.80360
205.605,-3.94990,-8.77150,1.02153
205.706,-3.84094,-8.58082,1.08963
205.805,-4.12697,-8.75788,1.15773
205.905,-4.20869,-8.98943,0.85808
206.007,-3.70473,-8.78512,0.76274
206.108,-4.12697,-9.19374,0.61292
206.206,-3.82732,-9.03029,0.76274
206.306,-3.69111,-8.79874,0.99429
206.406,-4.94419,-8.74426,0.83084
206.506,-4.69902,-8.40375,0.92618
206.606,-4.60368,-7.89980,0.84446
206.706,-4.23593,-8.02238,0.25879
206.806,-5.25745,-8.17221,1.19859
206.906,-5.35280,-8.29479,0.55843
207.010,-4.97143,-8.00876,1.11687
207.106,-4.91695,-8.33565,1.07601
207.208,-4.34489,-8.56720,1.25307
207.311,-4.04524,-8.73064,1.15773
207.406,-3.74560,-8.92133,1.03515
207.507,-3.80008,-9.03029,1.22583
207.608,-3.63663,-8.94857,0.99429
207.707,-3.73198,-9.00305,0.92618
207.809,-3.62301,-8.89409,1.02153
207.907,-3.70473,-9.00305,0.95342
208.007,-3.74560,-9.04391,0.85808
208.109,-3.66387,-8.85323,0.98067
208.209,-3.73198,-9.08477,0.89894
208.307,-3.70473,-8.98943,0.84446
208.409,-3.48681,-8.82598,0.95342
208.508,-3.66387,-8.98943,0.83084
208.610,-3.70473,-8.96219,0.87170
208.708,-3.63663,-8.86685,0.85808
208.811,-3.70473,-8.98943,0.80360
208.914,-3.63663,-8.93495,0.81722
209.009,-3.63663,-9.03029,0.84446
209.110,-3.69111,-9.00305,0.81722
209.209,-3.73198,-8.94857,0.84446
209.309,-3.65025,-8.98943,0.83084
209.410,-3.67749,-8.96219,0.80360
209.509,-3.70473,-8.93495,0.83084
209.611,-1.44376,-9.43890,-0.32689
209.709,-1.93409,-9.41166,0.38137
209.809,-2.05667,-9.43890,0.83084
209.909,-2.99648,-9.46614,2.23374
210.010,-2.22012,-9.15287,0.57205
210.110,-2.64235,-9.42528,1.53910
210.210,-1.06239,-7.99514,1.53910
210.311,-3.20078,-8.63530,1.21221
210.411,-2.54700,-9.28908,0.98067
210.512,-2.94200,-9.22098,0.49033
210.613,-2.42442,-9.22098,1.67530
210.712,-3.25526,-8.83961,1.08963
210.811,-3.14630,-9.08477,1.00791
210.913,-3.22802,-8.96219,1.15773
211.011,-3.29612,-8.96219,1.02153
211.114,-3.41871,-8.96219,1.04877
211.212,-3.50043,-8.92133,1.08963
211.312,-3.51405,-9.05753,0.89894
211.412,-4.53558,-10.56939,1.28031
211.512,-4.04524,-8.82598,0.57205
211.613,-3.92266,-9.15287,0.51757
211.715,-6.53777,-9.99734,-1.06239
211.812,-4.08610,-9.39804,0.09534
211.913,-3.99076,-9.12563,1.26669
212.013,-3.44595,-8.70340,0.74912
212.114,-3.29612,-8.93495,0.99429
212.213,-3.30974,-9.20736,0.92618
212.313,-3.63663,-9.16649,0.98067
212.413,-3.30974,-9.03029,1.00791
212.514,-5.40728,-11.53643,2.07029
212.613,-3.02372,-8.48548,0.53119
212.713,-3.24164,-8.28117,0.04086
212.813,-3.06458,-8.30841,1.57996
212.913,-3.80008,-8.52634,0.12258
213.015,-3.30974,-9.03029,0.08172
213.114,-3.40509,-9.12563,0.69464
213.216,-3.11906,-9.00305,0.44947
213.333,-3.52767,-9.08477,0.62654
213.414,-3.71835,-9.09839,0.89894
213.517,-3.37785,-9.05753,0.78998
213.614,-3.18716,-9.15287,0.64016
213.716,-3.99076,-9.61597,0.96704
213.814,-3.40509,-9.19374,0.99429
213.914,-4.75350,-9.24822,0.99429
214.014,-4.03162,-9.46614,0.59930
214.114,-4.45385,-8.98943,0.05448
214.217,-3.73198,-9.34356,1.53910
214.343,-6.08830,-11.03248,1.28031
214.415,-3.47319,-9.32994,0.74912
214.516,-3.66387,-9.08477,0.51757
214.615,-3.86818,-9.20736,0.31327
214.716,-3.89542,-9.11201,0.58567
214.815,-3.47319,-9.03029,0.42223
214.918,-3.55491,-8.73064,0.85808
215.015,-4.16783,-9.43890,0.31327
215.115,-3.10544,-7.99514,0.51757
215.216,-1.57996,-9.01667,0.28603
215.328,-2.87389,-9.28908,0.81722
215.420,-4.20869,-7.99514,1.72978
215.515,-4.03162,-8.71702,1.87961
215.618,-3.88180,-8.93495,1.26669
215.716,-3.77284,-8.97581,1.75702
215.818,-3.92266,-8.70340,1.37566
215.916,-3.80008,-8.93495,1.45738
216.017,-4.24955,-8.70340,1.25307
216.116,-4.00438,-8.40375,1.02153
216.216,-3.75922,-8.67616,1.44376
216.337,-3.67749,-8.34927,1.29393
216.417,-3.67749,-8.96219,1.19859
216.519,-3.29612,-8.70340,1.28031
216.618,-3.77284,-9.04391,1.74340
216.718,-3.81370,-8.92133,1.63444
216.818,-3.51405,-8.93495,1.64806
216.918,-3.59577,-8.86685,1.53910
217.021,-3.44595,-8.85323,1.51186
217.120,-3.70473,-8.89409,1.72978
217.219,-3.48681,-8.75788,1.62082
217.319,-3.81370,-9.15287,1.53910
217.419,-3.69111,-8.79874,1.47100
217.518,-4.16783,-8.79874,1.77065
217.618,-3.70473,-9.08477,1.37566
217.718,-3.40509,-8.88047,0.87170
217.821,-3.22802,-9.43890,0.85808
217.920,-3.44595,-9.18011,0.77636
218.019,-3.73198,-8.98943,0.92618
218.121,-3.30974,-9.37080,1.02153
218.219,-3.05096,-8.93495,0.51757
218.319,-3.18716,-8.90771,0.57205
218.421,-3.28250,-8.89409,1.00791
218.519,-3.67749,-9.98372,0.73550
218.624,-3.63663,-8.79874,0.70826
218.719,-3.47319,-9.12563,0.83084
218.819,-3.35061,-9.12563,0.28603
218.919,-3.93628,-9.15287,0.55843
219.020,-3.28250,-8.98943,0.50395
219.119,-3.37785,-8.86685,0.65378
219.220,-3.29612,-8.70340,0.53119
219.319,-3.71835,-9.00305,0.74912
219.421,-3.77284,-8.77150,0.49033
219.520,-3.54129,-9.03029,0.44947
219.621,-3.70473,-9.16649,0.31327
219.720,-3.77284,-9.08477,0.35413
219.821,-4.18145,-8.02238,0.05448
219.920,-3.73198,-8.77150,0.64016
220.020,-3.70473,-8.73064,0.31327
220.122,-3.62301,-9.05753,1.30755
220.220,-3.70473,-8.98943,0.61292
220.321,-3.06458,-8.81236,1.02153
220.420,-3.56853,-9.12563,1.33479
220.523,-3.90904,-9.18011,1.11687
220.621,-3.62301,-8.97581,0.99429
220.725,-3.45957,-8.93495,0.73550
220.821,-3.43233,-8.73064,0.84446
220.924,-3.65025,-8.79874,0.91256
221.022,-3.44595,-8.98943,0.93980
221.125,-3.59577,-8.93495,0.93980
221.223,-3.65025,-8.89409,0.93980
221.323,-3.59577,-9.03029,0.81722
221.423,-3.54129,-8.88047,0.78998
221.523,-3.47319,-8.96219,0.70826
221.626,-3.60939,-9.08477,0.64016
221.723,-3.52767,-8.94857,0.59930
221.825,-3.30974,-9.19374,0.85808
221.923,-3.44595,-9.09839,0.53119
222.024,-3.50043,-8.81236,0.54481
222.123,-3.82732,-8.96219,0.54481
222.224,-3.77284,-9.05753,0.40861
222.334,-3.48681,-9.04391,0.55843
222.424,-3.36423,-8.82598,0.53119
222.527,-3.35061,-9.05753,0.89894
222.624,-3.25526,-9.03029,0.46309
222.727,-3.47319,-9.08477,0.61292
222.825,-3.20078,-8.86685,0.17706
222.925,-3.78646,-8.67616,0.35413
223.026,-4.22231,-9.05753,0.55843
223.127,-3.37785,-8.15859,0.09534
223.225,-3.71835,-9.28908,0.19068
223.326,-4.01800,-9.18011,0.64016
223.425,-3.71835,-9.09839,0.46309
223.526,-3.94990,-8.94857,0.44947
223.625,-3.78646,-9.18011,0.70826
223.725,-3.65025,-9.05753,0.35413
223.825,-3.67749,-9.41166,0.57205
223.926,-4.04524,-9.15287,0.51757
224.028,-3.78646,-9.12563,0.35413
224.128,-4.18145,-8.86685,0.35413
224.226,-4.34489,-9.31632,0.65378
224.327,-4.18145,-8.89409,0.39499
224.427,-3.52767,-8.86685,0.57205
224.528,-3.77284,-8.94857,1.06239
224.626,-3.71835,-9.28908,1.11687
224.727,-3.20078,-9.05753,0.80360
224.827,-3.48681,-9.16649,0.99429
224.926,-3.56853,-8.92133,0.89894
225.026,-3.47319,-8.96219,0.61292
225.129,-3.89542,-8.90771,0.64016
225.226,-3.86818,-9.20736,0.72188
225.329,-3.65025,-8.92133,0.51757
225.426,-3.84094,-9.03029,0.68102
225.527,-3.77284,-9.13925,0.76274
225.628,-3.55491,-8.85323,0.64016
225.727,-4.38575,-8.97581,0.74912
225.828,-4.15421,-8.90771,0.70826
225.928,-4.16783,-8.79874,0.50395
226.027,-4.07248,-8.86685,0.74912
226.131,-4.22231,-8.73064,0.58567
226.227,-4.29041,-8.81236,0.61292
226.328,-4.08610,-8.93495,0.65378
226.427,-3.82732,-8.37651,0.38137
226.527,-4.00438,-8.73064,0.43585
226.627,-4.12697,-8.73064,0.47671
226.730,-4.04524,-8.89409,0.61292
226.828,-4.31765,-8.70340,0.51757
226.930,-4.12697,-9.05753,0.61292
227.028,-4.19507,-8.88047,0.57205
227.128,-4.33127,-9.60235,0.38137
227.230,-4.22231,-8.86685,0.09534
227.328,-4.29041,-8.97581,0.32689
227.428,-4.29041,-8.82598,0.28603
227.530,-5.12125,-8.94857,0.78998
227.628,-4.44023,-8.82598,0.34051
227.732,-4.46747,-8.73064,0.21793
227.828,-4.42661,-8.67616,0.23155
227.931,-4.72626,-8.78512,0.14982
228.029,-4.83522,-8.58082,-0.19068
228.130,-4.79436,-8.58082,0.10896
228.229,-4.20869,-8.90771,0.20431
228.330,-3.62301,-9.05753,-0.08172
228.431,-3.54129,-9.12563,0.08172
228.529,-3.52767,-9.08477,0.19068
228.629,-3.59577,-9.09839,-0.01362
228.730,-3.51405,-9.09839,0.04086
228.829,-3.47319,-9.12563,0.10896
228.932,-3.58215,-9.13925,0.06810
229.030,-3.70473,-9.07115,0.02724
229.131,-3.75922,-9.03029,0.02724
229.230,-3.62301,-9.07115,0.02724
229.331,-3.56853,-9.08477,0.01362
229.430,-3.62301,-9.13925,0.01362
229.531,-3.60939,-9.12563,0.01362
229.630,-3.66387,-9.11201,0.01362
229.734,-3.59577,-9.12563,0.04086
229.836,-3.58215,-9.09839,0.04086
229.933,-3.59577,-9.08477,-0.08172
230.032,-3.56853,-9.12563,0.05448
230.132,-3.56853,-9.08477,-0.16344
230.233,-3.60939,-9.08477,-0.08172
230.335,-3.66387,-9.09839,0.05448
230.437,-3.70473,-9.03029,0.01362
230.535,-4.31765,-8.58082,-0.12258
230.637,-4.57644,-8.49910,0.24517
230.735,-4.27679,-8.73064,0.35413
230.836,-3.92266,-8.93495,0.04086
230.935,-3.62301,-9.04391,0.34051
231.036,-3.15992,-8.90771,0.27241
231.141,-3.39147,-9.13925,0.19068
231.236,-3.51405,-9.08477,0.20431
231.336,-3.59577,-9.05753,0.25879
231.435,-3.54129,-9.08477,0.19068
231.536,-3.59577,-9.05753,0.14982
231.636,-3.60939,-9.09839,0.17706
231.738,-3.56853,-9.08477,0.09534
231.836,-3.60939,-9.13925,0.25879
231.938,-3.56853,-9.12563,0.06810
232.036,-3.55491,-9.11201,0.12258
232.138,-3.55491,-9.11201,0.14982
232.239,-3.65025,-9.05753,0.09534
232.337,-3.65025,-9.07115,0.09534
232.436,-3.63663,-9.03029,0.09534
232.538,-3.56853,-9.08477,0.09534
232.637,-3.54129,-9.08477,0.09534
232.739,-3.67749,-9.03029,0.09534
232.837,-3.70473,-9.01667,0.09534
232.940,-3.59577,-9.07115,0.04086
233.038,-3.58215,-9.08477,0.01362
233.140,-3.63663,-9.09839,0.28603
233.238,-3.66387,-9.09839,0.36775
233.339,-3.58215,-9.05753,0.24517
233.439,-3.56853,-9.05753,0.47671
233.538,-3.60939,-9.08477,0.43585
233.641,-3.60939,-9.12563,0.53119
233.751,-3.58215,-9.08477,0.47671
233.838,-3.59577,-9.04391,0.54481
233.941,-3.63663,-9.03029,0.47671
234.038,-3.59577,-9.09839,0.40861
234.139,-3.77284,-9.08477,0.51757
234.238,-3.84094,-8.98943,0.39499
234.339,-3.36423,-9.08477,0.46309
234.440,-3.69111,-9.13925,0.35413
234.541,-3.54129,-8.89409,0.19068
234.639,-3.81370,-9.04391,0.32689
234.741,-3.74560,-9.08477,0.49033
234.839,-3.60939,-9.07115,0.25879
234.940,-3.54129,-9.09839,0.29965
235.041,-3.52767,-9.07115,0.31327
235.139,-3.66387,-9.05753,0.34051
235.241,-3.63663,-9.03029,0.29965
235.339,-3.62301,-9.05753,0.20431
235.444,-3.56853,-9.08477,0.24517
235.540,-3.60939,-9.05753,0.14982
235.642,-3.60939,-9.05753,0.24517
235.742,-3.62301,-9.07115,0.28603
235.840,-3.67749,-9.08477,0.19068
235.945,-3.63663,-9.11201,0.12258
236.040,-3.70473,-9.18011,0.21793
236.140,-3.77284,-9.08477,0.14982
236.242,-3.25526,-9.05753,0.31327
236.346,-3.90904,-8.78512,0.24517
236.441,-3.54129,-9.53424,0.28603
236.543,-4.03162,-9.34356,0.32689
236.643,-3.73198,-9.16649,0.02724
236.741,-3.71835,-9.23460,0.12258
236.843,-3.71835,-9.07115,0.21793
236.941,-3.70473,-9.11201,0.12258
237.043,-3.70473,-9.07115,0.31327
237.141,-3.65025,-8.98943,0.12258
237.242,-3.69111,-8.98943,0.19068
237.341,-3.66387,-9.03029,0.49033
237.443,-3.40509,-9.03029,0.28603
237.542,-3.65025,-9.03029,0.43585
237.644,-3.66387,-9.00305,0.35413
237.742,-3.71835,-9.01667,0.31327
237.845,-3.63663,-9.01667,0.31327
237.942,-3.67749,-9.05753,0.39499
238.047,-3.63663,-9.03029,0.28603
238.145,-3.66387,-9.07115,0.40861
238.246,-3.67749,-9.04391,0.28603
238.344,-3.70473,-9.01667,0.49033
238.445,-3.70473,-9.05753,0.40861
238.544,-3.69111,-9.07115,0.43585
238.644,-3.71835,-9.01667,0.39499
238.750,-3.70473,-9.00305,0.35413
238.847,-3.62301,-9.01667,0.28603
238.948,-3.59577,-9.03029,0.31327
239.048,-3.67749,-8.89409,0.35413
239.148,-3.66387,-9.03029,0.28603
239.249,-3.67749,-9.07115,0.21793
239.349,-3.73198,-9.05753,0.34051
239.450,-3.70473,-9.05753,0.35413
239.548,-3.63663,-9.03029,0.34051
239.649,-3.63663,-9.12563,0.54481
239.748,-3.71835,-9.11201,0.29965
239.848,-3.74560,-9.04391,0.40861
239.952,-3.60939,-9.07115,0.31327
240.051,-3.67749,-9.07115,0.34051
240.154,-3.67749,-9.05753,0.31327
240.250,-3.70473,-9.01667,0.31327
240.351,-2.60149,-8.90771,0.31327
240.451,-2.90113,-8.32203,0.36775
240.551,-1.62082,-8.29479,0.24517
240.652,-1.15773,-8.43099,0.29965
240.753,-1.62082,-8.75788,0.44947
240.852,-2.73769,-9.95647,0.34051
240.954,-2.99648,-10.14716,0.70826
241.051,-1.15773,-10.09268,0.57205
241.152,-0.61292,-9.88837,0.47671
241.254,0.25879,-9.84751,0.54481
241.353,0.20431,-9.97009,0.70826
241.454,0.21793,-10.37871,0.70826
241.553,0.42223,-10.55577,0.54481
241.653,0.91256,-10.18802,0.50395
241.755,1.87961,-10.11992,0.72188
241.853,2.19288,-9.99734,0.61292
241.954,3.14630,-9.76579,0.70826
242.055,3.60939,-9.65683,0.95342
242.155,4.05886,-9.71131,0.77636
242.253,4.09972,-9.75217,0.91256
242.353,4.42661,-9.60235,1.02153
242.454,4.79436,-9.34356,1.08963
242.553,5.20297,-9.15287,1.04877
242.656,5.73417,-8.77150,1.11687
242.753,6.06105,-8.52634,1.26669
242.858,6.37432,-8.10411,1.28031
242.954,6.72845,-7.83170,1.11687
243.056,6.87828,-7.54567,1.17135
243.154,6.76931,-7.28689,1.28031
243.255,7.19154,-6.76931,1.08963
243.354,7.54567,-6.42880,1.02153
243.456,7.55929,-6.21088,1.44376
243.560,7.35499,-5.95209,1.06239
243.654,7.76360,-5.80227,1.15773
243.755,7.98152,-5.73417,0.69464
243.854,8.32203,-5.46176,1.19859
243.956,8.62168,-5.40728,1.17135
244.065,8.41737,-5.44814,1.06239
244.156,7.79084,-5.43452,1.13049
244.255,7.65464,-5.43452,1.08963
244.356,7.77722,-5.40728,1.14411
244.459,8.09049,-5.32556,1.15773
244.555,8.64892,-5.17573,1.18497
244.658,8.90771,-5.21659,1.28031
244.755,9.08477,-5.18935,1.23945
244.855,8.58082,-5.47538,1.33479
244.956,8.34927,-5.50262,1.29393
245.056,8.09049,-5.39366,1.14411
245.158,7.99514,-5.54348,1.17135
245.256,8.13135,-5.38004,1.21221
245.356,8.33565,-5.32556,1.15773
245.459,8.53996,-5.35280,1.07601
245.557,8.41737,-5.55710,1.14411
245.657,8.40375,-5.50262,1.32117
245.758,7.70912,-6.11554,1.15773
245.860,6.60587,-5.10763,1.18497
245.958,9.57510,-7.32775,0.59930
246.058,8.41737,-6.90552,0.38137
246.158,6.94638,-6.12916,1.15773
246.258,7.20516,-6.08830,1.38928
246.358,7.89980,-6.37432,1.18497
246.459,8.00876,-6.51053,1.10325
246.560,7.79084,-6.42880,0.99429
246.658,7.55929,-6.38794,0.99429
246.759,7.70912,-6.57863,1.02153
246.858,7.60015,-6.64673,1.00791
246.959,7.46395,-6.66035,0.73550
247.059,7.53205,-6.71483,0.96704
247.162,7.35499,-6.86466,1.00791
247.260,7.61377,-6.91914,1.15773
247.366,7.12344,-6.71483,0.80360
247.464,7.50481,-6.70121,0.91256
247.563,7.54567,-6.67397,1.10325
247.663,7.45033,-6.67397,0.99429
247.765,7.57291,-6.29260,1.08963
247.865,7.60015,-6.22450,1.11687
247.963,7.80446,-6.36070,1.03515
248.066,7.91342,-6.21088,1.25307
248.164,7.65464,-6.12916,1.68892
248.265,7.72274,-6.10192,1.44376
248.374,7.58653,-5.84313,1.77065
248.464,7.51843,-6.08830,1.55272
248.569,7.65464,-6.33346,1.14411
248.665,6.67397,-7.66826,1.51186
248.767,6.96000,-7.58653,1.17135
248.865,7.02810,-8.06325,2.00219
248.976,5.87037,-7.80446,1.40290
249.065,6.18364,-7.99514,0.84446
249.167,4.76712,-8.17221,0.65378
249.266,3.92266,-8.30841,0.10896
249.366,3.66387,-9.57510,0.93980
249.469,1.66168,-10.11992,0.91256
249.566,2.51976,-11.03248,-0.35413
249.666,1.87961,-10.31060,-0.44947
249.767,1.55272,-9.99734,-0.43585
249.867,1.53910,-10.33784,0.74912
249.966,1.06239,-9.23460,0.02724
250.066,-0.05448,-9.97009,1.04877
250.166,1.94771,-9.60235,0.49033
250.269,-0.76274,-10.18802,-0.12258
250.399,0.27241,-8.86685,0.19068
250.467,1.29393,-10.06544,0.69464
250.568,2.39718,-9.54786,3.28250
250.667,-1.08963,-10.92352,-0.68102
250.769,-0.40861,-9.68407,3.02372
250.867,-1.64806,-9.27546,0.70826
250.972,-1.18497,-8.74426,0.27241
251.070,3.21440,-11.98591,0.76274
251.172,-0.50395,-9.83389,1.14411
251.270,0.10896,-8.68978,-2.64235
251.370,-0.44947,-8.58082,-2.95562
251.473,-3.51405,-11.08696,-2.83303
251.573,-2.47890,-9.71131,-2.53338
251.676,0.12258,-9.73855,-2.34270
251.773,1.44376,-10.56939,-1.64806
251.871,-1.79789,-11.63178,0.27241
251.971,-2.69683,-11.10058,1.47100
252.071,-2.31546,-9.42528,-0.58567
252.171,-2.45166,-8.59444,0.42223
252.273,1.21221,-10.29698,0.95342
252.397,1.77065,-7.99514,0.80360
252.471,2.64235,-11.31851,-0.04086
252.571,-4.95781,-9.30270,0.27241
252.673,-2.24736,-10.96438,-3.37785
252.772,-0.36775,-11.89056,-3.60939
252.872,2.71045,-9.07115,-0.87170
252.972,1.93409,-10.44681,1.93409
253.077,4.03162,-10.80094,5.09401
253.177,-3.80008,-11.71350,-3.09182
253.275,-3.28250,-8.63530,0.47671
253.413,-2.53338,-7.16430,-0.85808
253.473,-0.35413,-9.19374,0.98067
253.573,0.31327,-11.26403,0.24517
253.673,-3.41871,-10.89628,-0.25879
253.773,-0.66740,-9.64321,-3.56853
253.875,0.10896,-9.72493,-1.22583
253.975,0.28603,-10.40595,0.05448
254.073,0.02724,-10.52853,0.42223
254.175,2.75131,-9.65683,1.11687
254.273,-0.34051,-10.80094,2.39718
254.373,-0.05448,-12.19021,1.18497
254.473,-3.30974,-8.64892,0.73550
254.574,-1.43014,-8.79874,0.70826
254.673,-0.69464,-8.44462,0.76274
254.775,2.05667,-9.08477,1.03515
254.874,2.46528,-12.85761,1.89323
254.975,-3.24164,-10.70559,-0.05448
255.074,-1.33479,-9.83389,-3.03734
255.177,0.64016,-9.88837,2.22012
255.274,0.14982,-8.71702,-1.40290
255.374,2.05667,-10.76007,0.20431
255.476,3.20078,-10.05182,1.28031
255.574,-2.28822,-11.53643,1.86599
255.674,-3.93628,-9.22098,-1.86599
255.774,-2.08391,-7.24603,-1.98857
255.874,5.01229,-10.51491,0.85808
255.976,-4.91695,-9.67045,-0.28603
256.075,1.72978,-8.86685,-2.51976
256.177,-2.91475,-9.90199,-4.46747
256.275,-1.45738,-10.14716,-2.41080
256.375,1.47100,-9.08477,-0.65378
256.477,1.57996,-11.71350,-0.23155
256.575,-1.33479,-10.93714,-0.25879
256.676,-2.68321,-9.23460,-0.73550
256.775,-4.09972,-8.60806,-1.59358
256.876,-1.33479,-10.36508,-1.55272
256.975,-1.78427,-10.41957,-0.35413
257.076,2.27460,-7.96790,-2.96924
257.176,-0.39499,-9.05753,-0.57205
257.276,-2.80579,-10.71921,-3.28250
257.376,0.35413,-10.44681,-3.89542
257.476,1.18497,-11.12782,-5.14849
257.578,1.11687,-10.47405,-3.26888
257.676,0.44947,-9.43890,-3.70473
257.777,3.39147,-8.02238,-2.36994
257.877,5.92485,-8.64892,-2.01581
257.976,4.63092,-9.41166,-3.58215
258.077,4.48109,-10.25612,-4.24955
258.177,0.88532,-9.90199,-2.45166
258.280,-1.75702,-8.79874,-3.11906
258.376,5.01229,-8.02238,-3.88180
258.477,5.36642,-10.92352,-3.41871
258.577,3.36423,-9.05753,-2.51976
258.679,4.53558,-9.26184,-3.10544
258.778,2.38356,-8.90771,-2.73769
258.878,5.67969,-10.66473,-3.81370
258.977,3.90904,-9.52062,-4.99867
259.077,4.83522,-8.63530,-5.05315
259.177,3.21440,-7.72274,-5.10763
259.278,3.36423,-7.76360,-3.89542
259.377,4.15421,-7.96790,-5.59796
259.477,5.03953,-5.89761,-7.06896
259.578,2.88751,-4.86246,-9.68407
259.685,3.06458,-5.21659,-9.22098
259.778,4.34489,-2.64235,-10.33784
259.880,2.77855,-2.62873,-10.17440
259.978,1.94771,-2.31546,-6.64673
260.079,4.37213,0.43585,-6.31984
260.180,4.63092,-0.54481,-7.64102
260.280,6.06105,-1.93409,-8.64892
260.378,5.09401,-2.19288,-6.25174
260.480,7.17792,-0.99429,-6.42880
260.578,7.45033,-1.38928,-5.77503
260.678,8.32203,-2.41080,-4.05886
260.778,9.08477,-2.75131,-2.41080
260.890,10.28336,-1.98857,-3.11906
260.979,10.31060,-2.76493,-1.74340
261.079,9.26184,-1.22583,-0.27241
261.179,7.40947,-2.09753,3.41871
261.293,8.89409,-2.73769,5.42090
261.406,8.68978,-3.73198,4.78074
261.480,6.64673,-2.34270,5.70693
261.579,6.79655,-2.64235,6.03381
261.681,2.90113,-1.92047,6.66035
261.781,3.17354,-2.60149,8.64892
261.880,2.64235,-3.43233,9.24822
261.980,2.34270,-2.66959,8.86685
262.081,2.60149,-1.38928,9.73855
262.180,1.89323,-0.38137,9.39804
262.280,2.31546,-0.73550,9.68407
262.381,1.49824,-0.47671,8.82598
262.481,1.40290,-1.18497,8.98943
262.581,1.64806,-1.74340,9.28908
262.680,2.08391,-1.49824,9.37080
262.783,1.70254,-1.77065,8.86685
262.881,1.93409,-1.55272,8.81236
262.984,2.08391,-1.72978,8.83961
263.098,2.34270,-1.93409,8.93495
263.182,1.72978,-1.96133,9.72493
263.284,1.71616,-1.66168,9.08477
263.403,1.02153,-2.05667,9.07115
263.486,1.47100,-2.68321,9.68407
263.582,2.08391,-1.78427,8.85323
263.683,2.15201,-1.70254,8.67616
263.783,2.61511,-2.38356,9.15287
263.882,2.19288,-1.98857,8.74426
263.983,1.77065,-2.38356,9.19374
264.082,1.72978,-2.22012,9.23460
264.183,1.47100,-2.27460,9.49338
264.283,1.23945,-2.54700,8.78512
264.387,1.57996,-2.53338,8.60806
264.484,1.68892,-2.47890,8.86685
264.587,1.64806,-2.79217,8.79874
264.684,1.37566,-2.92837,8.93495
264.786,1.33479,-2.95562,8.93495
264.884,1.28031,-2.99648,8.56720
264.985,1.33479,-2.95562,8.82598
265.087,0.99429,-2.61511,8.93495
